,사고번호,사고일시,요일,시군구,사고내용,사망자수,중상자수,경상자수,부상신고자수,사고유형,법규위반,노면상태,기상상태,도로형태,가해운전자 차종,가해운전자 성별,가해운전자 연령,가해운전자 상해정도,피해운전자 차종,피해운전자 성별,피해운전자 연령,피해운전자 상해정도
890,2018122200100562,2018년 12월 22일 20시,토요일,제주특별자치도 서귀포시 서귀동,경상사고,0,0,1,0,차대사람 - 기타,중앙선침범,포장 - 젖음/습기,비,교차로 - 교차로횡단보도내,이륜,여,57세,상해없음,보행자,여,64세,경상
891,2018122200100580,2018년 12월 22일 21시,토요일,제주특별자치도 서귀포시 성산읍,사망사고,1,0,0,0,차대사람 - 기타,안전운전불이행,포장 - 젖음/습기,비,단일로 - 기타,승용,남,26세,상해없음,보행자,여,60세,사망
892,2018122200100581,2018년 12월 22일 21시,토요일,제주특별자치도 서귀포시 성산읍,경상사고,0,0,2,0,차대사람 - 기타,안전운전불이행,포장 - 건조,맑음,교차로 - 교차로안,승합,남,37세,상해없음,보행자,남,27세,경상
893,2018122200100607,2018년 12월 22일 22시,토요일,제주특별자치도 제주시 아라이동,중상사고,0,1,0,0,차대사람 - 횡단중,보행자보호의무위반,포장 - 젖음/습기,흐림,교차로 - 교차로횡단보도내,승용,남,24세,상해없음,보행자,여,64세,중상
894,2018122300100200,2018년 12월 23일 13시,일요일,제주특별자치도 제주시 애월읍,경상사고,0,0,1,0,차대사람 - 길가장자리구역통행중,안전운전불이행,포장 - 건조,맑음,단일로 - 기타,승용,남,24세,상해없음,보행자,남,49세,경상
895,2018122400100248,2018년 12월 24일 12시,월요일,제주특별자치도 제주시 일도일동,중상사고,0,1,0,0,차대사람 - 기타,안전운전불이행,포장 - 건조,맑음,단일로 - 기타,승용,남,52세,상해없음,보행자,여,78세,중상
896,2018122400100249,2018년 12월 24일 12시,월요일,제주특별자치도 서귀포시 서귀동,경상사고,0,0,1,0,차대사람 - 기타,안전운전불이행,포장 - 건조,맑음,기타 - 기타,승용,남,90세 이상,기타불명,보행자,남,61세,경상
897,2018122500100264,2018년 12월 25일 17시,화요일,제주특별자치도 서귀포시 서귀동,경상사고,0,0,1,0,차대사람 - 기타,안전운전불이행,포장 - 건조,흐림,교차로 - 교차로안,승용,남,55세,상해없음,보행자,남,54세,경상
898,2018122500100331,2018년 12월 25일 19시,화요일,제주특별자치도 제주시 용담일동,경상사고,0,0,1,0,차대사람 - 기타,안전운전불이행,포장 - 건조,흐림,단일로 - 기타,승용,여,28세,상해없음,보행자,남,26세,경상
899,2018122600100304,2018년 12월 26일 14시,수요일,제주특별자치도 제주시 연동,부상신고사고,0,0,0,1,차대사람 - 기타,안전운전불이행,포장 - 건조,흐림,교차로 - 교차로안,승용,남,55세,상해없음,보행자,남,10세,부상신고
900,2018122600100571,2018년 12월 26일 22시,수요일,제주특별자치도 제주시 연동,중상사고,0,1,0,0,차대사람 - 기타,안전운전불이행,포장 - 건조,맑음,교차로 - 교차로안,승용,남,28세,상해없음,보행자,남,31세,중상
901,2018122700100460,2018년 12월 27일 18시,목요일,제주특별자치도 서귀포시 하효동,중상사고,0,1,0,0,차대사람 - 기타,안전운전불이행,포장 - 건조,맑음,단일로 - 기타,승용,여,26세,상해없음,보행자,남,45세,중상
902,2018122700100461,2018년 12월 27일 18시,목요일,제주특별자치도 서귀포시 서귀동,경상사고,0,0,1,0,차대사람 - 기타,안전운전불이행,포장 - 건조,맑음,기타 - 기타,승용,여,27세,상해없음,보행자,남,59세,경상
903,2018122800100087,2018년 12월 28일 07시,금요일,제주특별자치도 제주시 오라일동,경상사고,0,0,1,0,차대사람 - 횡단중,안전운전불이행,포장 - 젖음/습기,비,단일로 - 기타,승합,남,53세,상해없음,보행자,여,56세,경상
904,2018122800100599,2018년 12월 28일 21시,금요일,제주특별자치도 서귀포시 호근동,중상사고,0,1,0,0,차대사람 - 보도통행중,안전운전불이행,포장 - 건조,맑음,단일로 - 기타,승용,남,50세,상해없음,보행자,남,59세,중상
905,2018122900100162,2018년 12월 29일 11시,토요일,제주특별자치도 제주시 화북일동,중상사고,0,1,0,0,차대사람 - 횡단중,기타,포장 - 건조,맑음,단일로 - 기타,화물,남,53세,상해없음,보행자,남,64세,중상
906,2018122900100225,2018년 12월 29일 13시,토요일,제주특별자치도 제주시 애월읍,중상사고,0,1,0,0,차대사람 - 횡단중,보행자보호의무위반,포장 - 건조,맑음,교차로 - 교차로횡단보도내,화물,남,78세,상해없음,보행자,여,71세,중상
907,2018123000100295,2018년 12월 30일 18시,일요일,제주특별자치도 제주시 일도이동,경상사고,0,0,1,0,차대사람 - 기타,보행자보호의무위반,포장 - 건조,맑음,교차로 - 교차로횡단보도내,승합,남,69세,상해없음,보행자,여,59세,경상
908,2018123100100214,2018년 12월 31일 12시,월요일,제주특별자치도 제주시 도남동,중상사고,0,1,0,0,차대사람 - 횡단중,보행자보호의무위반,포장 - 건조,맑음,교차로 - 교차로횡단보도내,화물,남,48세,상해없음,보행자,남,79세,중상
909,2018123100100278,2018년 12월 31일 14시,월요일,제주특별자치도 서귀포시 서귀동,경상사고,0,0,1,0,차대사람 - 길가장자리구역통행중,안전운전불이행,포장 - 건조,맑음,단일로 - 기타,승용,남,56세,상해없음,보행자,남,13세,경상
910,2018123100100366,2018년 12월 31일 16시,월요일,제주특별자치도 서귀포시 동홍동,경상사고,0,0,1,0,차대사람 - 횡단중,안전운전불이행,포장 - 건조,맑음,단일로 - 기타,기타불명,기타불명,미분류,기타불명,보행자,여,82세,경상
911,2018123100100404,2018년 12월 31일 17시,월요일,제주특별자치도 제주시 일도이동,경상사고,0,0,2,0,차대사람 - 횡단중,보행자보호의무위반,포장 - 건조,맑음,교차로 - 교차로횡단보도내,승용,여,47세,상해없음,보행자,여,48세,경상
912,2018123100100605,2018년 12월 31일 22시,월요일,제주특별자치도 제주시 노형동,경상사고,0,0,1,0,차대사람 - 기타,기타,포장 - 건조,맑음,기타 - 기타,승용,남,54세,상해없음,보행자,남,17세,경상
913,2019010100100265,2019년 1월 1일 18시,화요일,제주특별자치도 서귀포시 남원읍,중상사고,0,1,0,0,차대사람 - 횡단중,보행자보호의무위반,포장 - 건조,맑음,교차로 - 교차로횡단보도내,승용,남,38세,상해없음,보행자,남,52세,중상
914,2019010200100223,2019년 1월 2일 13시,수요일,제주특별자치도 제주시 연동,경상사고,0,0,1,0,차대사람 - 기타,안전운전불이행,포장 - 건조,맑음,단일로 - 기타,승용,남,76세,상해없음,보행자,남,59세,경상
915,2019010200100469,2019년 1월 2일 20시,수요일,제주특별자치도 제주시 이도이동,경상사고,0,0,1,0,차대사람 - 기타,안전운전불이행,포장 - 건조,맑음,교차로 - 교차로안,승용,여,27세,상해없음,보행자,여,80세,경상
916,2019010300100082,2019년 1월 3일 06시,목요일,제주특별자치도 제주시 애월읍,중상사고,0,1,0,0,차대사람 - 차도통행중,안전운전불이행,포장 - 건조,기타,교차로 - 교차로부근,승용,남,28세,상해없음,보행자,여,84세,중상
917,2019010400100123,2019년 1월 4일 08시,금요일,제주특별자치도 제주시 오라이동,중상사고,0,1,0,0,차대사람 - 횡단중,안전운전불이행,포장 - 건조,맑음,단일로 - 기타,승용,여,28세,상해없음,보행자,남,84세,중상
918,2019010400100388,2019년 1월 4일 18시,금요일,제주특별자치도 제주시 건입동,경상사고,0,0,1,0,차대사람 - 기타,보행자보호의무위반,포장 - 젖음/습기,흐림,교차로 - 교차로안,승용,남,69세,상해없음,보행자,여,54세,경상
919,2019010400100473,2019년 1월 4일 20시,금요일,제주특별자치도 서귀포시 서귀동,부상신고사고,0,0,0,1,차대사람 - 기타,안전운전불이행,포장 - 기타,맑음,교차로 - 교차로부근,기타불명,기타불명,미분류,기타불명,보행자,여,58세,부상신고
920,2019010500100366,2019년 1월 5일 17시,토요일,제주특별자치도 제주시 일도이동,중상사고,0,1,0,0,차대사람 - 횡단중,안전운전불이행,포장 - 건조,맑음,교차로 - 교차로부근,승용,여,55세,상해없음,보행자,여,81세,중상
921,2019010500100408,2019년 1월 5일 18시,토요일,제주특별자치도 제주시 아라이동,경상사고,0,0,1,0,차대사람 - 횡단중,안전운전불이행,포장 - 건조,맑음,단일로 - 기타,승용,여,47세,상해없음,보행자,남,84세,경상
922,2019010500100409,2019년 1월 5일 18시,토요일,제주특별자치도 서귀포시 동홍동,중상사고,0,1,0,0,차대사람 - 횡단중,보행자보호의무위반,포장 - 건조,맑음,교차로 - 교차로횡단보도내,승용,남,48세,상해없음,보행자,여,66세,중상
923,2019010500100463,2019년 1월 5일 20시,토요일,제주특별자치도 제주시 연동,중상사고,0,2,0,0,차대사람 - 횡단중,보행자보호의무위반,포장 - 건조,맑음,교차로 - 교차로부근,승용,남,73세,상해없음,보행자,남,47세,중상
924,2019010500100481,2019년 1월 5일 21시,토요일,제주특별자치도 제주시 노형동,경상사고,0,0,1,0,차대사람 - 기타,안전운전불이행,포장 - 건조,맑음,단일로 - 기타,승용,남,28세,상해없음,보행자,남,51세,경상
925,2019010500100512,2019년 1월 5일 23시,토요일,제주특별자치도 제주시 연동,부상신고사고,0,0,0,1,차대사람 - 횡단중,안전운전불이행,포장 - 건조,맑음,단일로 - 기타,승용,남,26세,상해없음,보행자,남,39세,부상신고
926,2019010600100027,2019년 1월 6일 00시,일요일,제주특별자치도 제주시 노형동,중상사고,0,1,0,0,차대사람 - 차도통행중,안전운전불이행,포장 - 건조,맑음,단일로 - 기타,이륜,남,31세,상해없음,보행자,남,56세,중상
927,2019010600100289,2019년 1월 6일 18시,일요일,제주특별자치도 제주시 오라일동,중상사고,0,1,0,0,차대사람 - 기타,안전운전불이행,포장 - 건조,맑음,단일로 - 기타,이륜,남,40세,상해없음,보행자,여,69세,중상
928,2019010600100290,2019년 1월 6일 18시,일요일,제주특별자치도 제주시 한림읍,경상사고,0,0,1,0,차대사람 - 기타,안전운전불이행,포장 - 건조,맑음,단일로 - 기타,승용,여,48세,상해없음,보행자,남,48세,경상
929,2019010700100036,2019년 1월 7일 01시,월요일,제주특별자치도 제주시 연동,경상사고,0,0,1,0,차대사람 - 기타,안전운전불이행,포장 - 건조,맑음,단일로 - 기타,승용,남,56세,상해없음,보행자,남,48세,경상
930,2019010700100205,2019년 1월 7일 11시,월요일,제주특별자치도 서귀포시 서귀동,부상신고사고,0,0,0,1,차대사람 - 기타,안전운전불이행,포장 - 건조,맑음,기타 - 기타,기타불명,기타불명,미분류,기타불명,보행자,남,59세,부상신고
931,2019010700100321,2019년 1월 7일 15시,월요일,제주특별자치도 제주시 아라일동,중상사고,0,1,0,0,차대사람 - 횡단중,보행자보호의무위반,포장 - 건조,맑음,단일로 - 기타,승용,여,24세,상해없음,보행자,여,10세,중상
932,2019010700100450,2019년 1월 7일 19시,월요일,제주특별자치도 서귀포시 서귀동,경상사고,0,0,1,0,차대사람 - 기타,안전운전불이행,포장 - 건조,맑음,교차로 - 교차로안,승용,남,73세,상해없음,보행자,남,56세,경상
933,2019010800100041,2019년 1월 8일 01시,화요일,제주특별자치도 제주시 연동,경상사고,0,0,1,0,차대사람 - 차도통행중,안전운전불이행,포장 - 건조,기타,단일로 - 기타,승용,남,59세,상해없음,보행자,남,24세,경상
934,2019010800100379,2019년 1월 8일 17시,화요일,제주특별자치도 제주시 일도이동,중상사고,0,1,0,0,차대사람 - 기타,안전운전불이행,포장 - 건조,맑음,단일로 - 기타,승용,여,64세,상해없음,보행자,남,49세,중상
935,2019010900100380,2019년 1월 9일 17시,수요일,제주특별자치도 제주시 이도일동,경상사고,0,0,1,0,차대사람 - 기타,안전운전불이행,포장 - 건조,맑음,단일로 - 기타,승용,여,23세,상해없음,보행자,남,66세,경상
936,2019010900100428,2019년 1월 9일 18시,수요일,제주특별자치도 제주시 노형동,경상사고,0,0,2,0,차대사람 - 횡단중,보행자보호의무위반,포장 - 건조,맑음,교차로 - 교차로횡단보도내,승용,남,22세,상해없음,보행자,여,27세,경상
937,2019010900100485,2019년 1월 9일 20시,수요일,제주특별자치도 서귀포시 안덕면,중상사고,0,1,0,1,차대사람 - 횡단중,안전운전불이행,포장 - 건조,맑음,교차로 - 교차로안,화물,남,41세,부상신고,보행자,남,59세,중상
938,2019011000100358,2019년 1월 10일 17시,목요일,제주특별자치도 제주시 노형동,경상사고,0,0,1,0,차대사람 - 차도통행중,안전운전불이행,포장 - 건조,맑음,교차로 - 교차로안,화물,남,54세,상해없음,보행자,여,17세,경상
939,2019011000100407,2019년 1월 10일 18시,목요일,제주특별자치도 제주시 조천읍,경상사고,0,0,1,0,차대사람 - 횡단중,안전운전불이행,포장 - 건조,맑음,단일로 - 기타,승용,남,38세,상해없음,보행자,여,83세,경상
940,2019011100100324,2019년 1월 11일 14시,금요일,제주특별자치도 서귀포시 성산읍,중상사고,0,1,0,0,차대사람 - 기타,안전운전불이행,포장 - 건조,맑음,주차장 - 주차장,화물,여,66세,상해없음,보행자,남,59세,중상
941,2019011100100380,2019년 1월 11일 16시,금요일,제주특별자치도 제주시 이도일동,경상사고,0,0,1,0,차대사람 - 기타,안전운전불이행,포장 - 건조,맑음,교차로 - 교차로안,승합,남,52세,상해없음,보행자,남,64세,경상
942,2019011100100407,2019년 1월 11일 17시,금요일,제주특별자치도 서귀포시 안덕면,사망사고,2,0,0,0,차대사람 - 기타,안전운전불이행,포장 - 건조,흐림,단일로 - 기타,승용,남,54세,상해없음,보행자,남,68세,사망
943,2019011100100466,2019년 1월 11일 18시,금요일,제주특별자치도 제주시 용담이동,경상사고,0,0,1,0,차대사람 - 기타,보행자보호의무위반,포장 - 건조,맑음,단일로 - 기타,승용,남,42세,상해없음,보행자,여,30세,경상
944,2019011100100560,2019년 1월 11일 21시,금요일,제주특별자치도 제주시 연동,경상사고,0,0,1,0,차대사람 - 횡단중,보행자보호의무위반,포장 - 건조,맑음,교차로 - 교차로횡단보도내,승용,남,53세,상해없음,보행자,남,62세,경상
945,2019011200100332,2019년 1월 12일 15시,토요일,제주특별자치도 제주시 연동,중상사고,0,1,0,0,차대사람 - 횡단중,신호위반,포장 - 건조,맑음,교차로 - 교차로부근,승용,남,36세,상해없음,보행자,여,11세,중상
946,2019011300100155,2019년 1월 13일 11시,일요일,제주특별자치도 제주시 연동,경상사고,0,0,1,0,차대사람 - 기타,안전운전불이행,포장 - 건조,맑음,단일로 - 기타,승용,남,74세,상해없음,보행자,남,33세,경상
947,2019011500100322,2019년 1월 15일 16시,화요일,제주특별자치도 제주시 용담이동,중상사고,0,1,0,0,차대사람 - 기타,안전운전불이행,포장 - 건조,맑음,기타 - 기타,승용,남,24세,상해없음,보행자,여,43세,중상
948,2019011500100401,2019년 1월 15일 18시,화요일,제주특별자치도 서귀포시 성산읍,경상사고,0,0,1,0,차대사람 - 횡단중,보행자보호의무위반,포장 - 건조,맑음,교차로 - 교차로횡단보도내,승용,남,24세,상해없음,보행자,남,65세,경상
949,2019011600100271,2019년 1월 16일 14시,수요일,제주특별자치도 제주시 이도일동,중상사고,0,1,0,0,차대사람 - 기타,안전운전불이행,포장 - 건조,맑음,단일로 - 기타,승용,남,29세,상해없음,보행자,남,73세,중상
950,2019011600100560,2019년 1월 16일 22시,수요일,제주특별자치도 제주시 일도이동,사망사고,1,2,0,0,차대사람 - 기타,과속,포장 - 건조,맑음,교차로 - 교차로안,승용,여,52세,중상,보행자,남,54세,사망
951,2019011700100491,2019년 1월 17일 19시,목요일,제주특별자치도 제주시 아라이동,경상사고,0,0,1,0,차대사람 - 횡단중,보행자보호의무위반,포장 - 건조,맑음,교차로 - 교차로횡단보도내,이륜,남,22세,상해없음,보행자,남,45세,경상
952,2019011800100536,2019년 1월 18일 19시,금요일,제주특별자치도 제주시 삼도일동,경상사고,0,0,1,0,차대사람 - 기타,보행자보호의무위반,포장 - 건조,흐림,교차로 - 교차로부근,승용,남,31세,상해없음,보행자,남,19세,경상
953,2019011900100164,2019년 1월 19일 10시,토요일,제주특별자치도 제주시 애월읍,경상사고,0,0,1,0,차대사람 - 길가장자리구역통행중,안전운전불이행,포장 - 건조,맑음,단일로 - 기타,승용,여,40세,상해없음,보행자,남,41세,경상
954,2019012000100349,2019년 1월 20일 18시,일요일,제주특별자치도 제주시 일도이동,중상사고,0,1,0,0,차대사람 - 기타,안전운전불이행,포장 - 건조,맑음,기타 - 기타,승합,남,56세,상해없음,보행자,여,65세,중상
955,2019012100100070,2019년 1월 21일 06시,월요일,제주특별자치도 제주시 일도이동,중상사고,0,1,0,0,차대사람 - 기타,안전운전불이행,포장 - 건조,맑음,단일로 - 기타,승합,남,63세,상해없음,보행자,여,71세,중상
956,2019012200100263,2019년 1월 22일 11시,화요일,제주특별자치도 제주시 노형동,경상사고,0,0,1,0,차대사람 - 기타,보행자보호의무위반,포장 - 건조,맑음,교차로 - 교차로횡단보도내,승용,남,38세,상해없음,보행자,여,24세,경상
957,2019012200100338,2019년 1월 22일 14시,화요일,제주특별자치도 서귀포시 서홍동,중상사고,0,1,0,0,차대사람 - 기타,안전운전불이행,포장 - 건조,맑음,기타 - 기타,승용,여,25세,상해없음,보행자,여,80세,중상
958,2019012200100585,2019년 1월 22일 22시,화요일,제주특별자치도 제주시 이도일동,경상사고,0,0,1,0,차대사람 - 기타,안전운전불이행,포장 - 건조,맑음,교차로 - 교차로안,승용,남,53세,상해없음,보행자,남,27세,경상
959,2019012300100239,2019년 1월 23일 11시,수요일,제주특별자치도 제주시 일도이동,중상사고,0,1,1,0,차대사람 - 횡단중,보행자보호의무위반,포장 - 건조,맑음,교차로 - 교차로횡단보도내,승용,여,36세,상해없음,보행자,여,61세,중상
960,2019012300100366,2019년 1월 23일 16시,수요일,제주특별자치도 제주시 용담일동,중상사고,0,1,0,0,차대사람 - 횡단중,안전운전불이행,포장 - 건조,맑음,교차로 - 교차로부근,화물,남,50세,상해없음,보행자,여,80세,중상
961,2019012400100246,2019년 1월 24일 12시,목요일,제주특별자치도 제주시 아라일동,경상사고,0,0,2,0,차대사람 - 횡단중,보행자보호의무위반,포장 - 건조,맑음,교차로 - 교차로안,승용,남,63세,상해없음,보행자,여,45세,경상
962,2019012400100340,2019년 1월 24일 15시,목요일,제주특별자치도 제주시 구좌읍,부상신고사고,0,0,0,1,차대사람 - 횡단중,안전운전불이행,포장 - 건조,맑음,단일로 - 기타,승용,여,29세,상해없음,보행자,남,23세,부상신고
963,2019012400100519,2019년 1월 24일 20시,목요일,제주특별자치도 제주시 용담이동,경상사고,0,0,1,0,차대사람 - 횡단중,보행자보호의무위반,포장 - 건조,맑음,단일로 - 기타,승용,남,65세,상해없음,보행자,남,33세,경상
964,2019012500100124,2019년 1월 25일 08시,금요일,제주특별자치도 제주시 일도이동,경상사고,0,0,1,0,차대사람 - 횡단중,신호위반,포장 - 건조,맑음,교차로 - 교차로횡단보도내,승용,남,62세,상해없음,보행자,여,46세,경상
965,2019012500100378,2019년 1월 25일 16시,금요일,제주특별자치도 제주시 이도일동,경상사고,0,0,1,0,차대사람 - 기타,안전운전불이행,포장 - 건조,맑음,단일로 - 기타,승용,여,51세,상해없음,보행자,여,52세,경상
966,2019012500100469,2019년 1월 25일 18시,금요일,제주특별자치도 제주시 이도이동,경상사고,0,0,1,0,차대사람 - 기타,안전운전불이행,포장 - 건조,맑음,교차로 - 교차로부근,승용,여,63세,상해없음,보행자,여,21세,경상
967,2019012500100517,2019년 1월 25일 19시,금요일,제주특별자치도 서귀포시 성산읍,사망사고,1,1,0,0,차대사람 - 횡단중,안전운전불이행,포장 - 건조,맑음,교차로 - 교차로안,승용,여,67세,상해없음,보행자,남,25세,사망
968,2019012700100037,2019년 1월 27일 01시,일요일,제주특별자치도 서귀포시 대정읍,부상신고사고,0,0,0,1,차대사람 - 기타,안전운전불이행,포장 - 건조,맑음,교차로 - 교차로안,승용,여,46세,상해없음,보행자,남,31세,부상신고
969,2019012700100047,2019년 1월 27일 02시,일요일,제주특별자치도 제주시 일도이동,중상사고,0,1,0,0,차대사람 - 기타,보행자보호의무위반,포장 - 건조,맑음,교차로 - 교차로안,승용,남,38세,상해없음,보행자,남,38세,중상
970,2019012700100135,2019년 1월 27일 11시,일요일,제주특별자치도 서귀포시 표선면,경상사고,0,0,1,0,차대사람 - 기타,안전운전불이행,포장 - 건조,맑음,단일로 - 기타,승용,여,29세,상해없음,보행자,여,50세,경상
971,2019012700100190,2019년 1월 27일 13시,일요일,제주특별자치도 서귀포시 동홍동,부상신고사고,0,0,0,1,차대사람 - 횡단중,안전운전불이행,포장 - 건조,맑음,교차로 - 교차로안,승용,남,38세,상해없음,보행자,여,44세,부상신고
972,2019012700100293,2019년 1월 27일 17시,일요일,제주특별자치도 서귀포시 서귀동,경상사고,0,0,1,0,차대사람 - 기타,안전운전불이행,포장 - 건조,맑음,교차로 - 교차로부근,승용,여,39세,상해없음,보행자,남,45세,경상
973,2019012900100069,2019년 1월 29일 06시,화요일,제주특별자치도 제주시 애월읍,사망사고,1,0,0,0,차대사람 - 횡단중,안전운전불이행,포장 - 건조,맑음,교차로 - 교차로횡단보도내,승용,남,73세,상해없음,보행자,남,79세,사망
974,2019012900100144,2019년 1월 29일 09시,화요일,제주특별자치도 제주시 오라삼동,중상사고,0,1,0,0,차대사람 - 기타,보행자보호의무위반,포장 - 건조,맑음,교차로 - 교차로안,승용,남,52세,상해없음,보행자,여,29세,중상
975,2019012900100188,2019년 1월 29일 11시,화요일,제주특별자치도 제주시 삼도일동,중상사고,0,1,1,0,차대사람 - 횡단중,보행자보호의무위반,포장 - 건조,맑음,단일로 - 기타,승용,남,69세,상해없음,보행자,여,29세,중상
976,2019012900100318,2019년 1월 29일 15시,화요일,제주특별자치도 제주시 애월읍,경상사고,0,0,2,0,차대사람 - 보도통행중,보행자보호의무위반,포장 - 건조,맑음,교차로 - 교차로횡단보도내,화물,남,54세,상해없음,보행자,남,72세,경상
977,2019012900100374,2019년 1월 29일 16시,화요일,제주특별자치도 제주시 이도일동,경상사고,0,0,1,0,차대사람 - 횡단중,안전운전불이행,포장 - 건조,맑음,단일로 - 기타,승용,여,60세,상해없음,보행자,남,13세,경상
978,2019013000100177,2019년 1월 30일 10시,수요일,제주특별자치도 제주시 봉개동,경상사고,0,0,1,0,차대사람 - 횡단중,안전운전불이행,포장 - 건조,맑음,교차로 - 교차로횡단보도내,승용,남,49세,상해없음,보행자,여,80세,경상
979,2019013000100253,2019년 1월 30일 13시,수요일,제주특별자치도 제주시 노형동,중상사고,0,1,0,0,차대사람 - 기타,안전운전불이행,포장 - 건조,맑음,단일로 - 기타,승합,남,49세,기타불명,보행자,여,75세,중상
980,2019013000100494,2019년 1월 30일 19시,수요일,제주특별자치도 제주시 오라일동,부상신고사고,0,0,0,1,차대사람 - 횡단중,안전운전불이행,포장 - 건조,흐림,단일로 - 기타,승용,여,43세,상해없음,보행자,남,34세,부상신고
981,2019013000100572,2019년 1월 30일 22시,수요일,제주특별자치도 제주시 용담삼동,중상사고,0,1,0,0,차대사람 - 기타,안전운전불이행,포장 - 건조,맑음,단일로 - 기타,승용,남,51세,상해없음,보행자,남,51세,중상
982,2019013100100025,2019년 1월 31일 00시,목요일,제주특별자치도 제주시 연동,부상신고사고,0,0,0,1,차대사람 - 기타,안전운전불이행,포장 - 건조,맑음,단일로 - 기타,승용,남,50세,상해없음,보행자,남,53세,부상신고
983,2019013100100080,2019년 1월 31일 06시,목요일,제주특별자치도 서귀포시 남원읍,사망사고,1,0,0,0,차대사람 - 횡단중,안전운전불이행,포장 - 젖음/습기,비,단일로 - 기타,승용,남,31세,상해없음,보행자,여,71세,사망
984,2019013100100119,2019년 1월 31일 07시,목요일,제주특별자치도 제주시 노형동,중상사고,0,1,0,0,차대사람 - 횡단중,보행자보호의무위반,포장 - 젖음/습기,비,단일로 - 기타,화물,남,71세,상해없음,보행자,여,65세,중상
985,2019020100100096,2019년 2월 1일 06시,금요일,제주특별자치도 서귀포시 상예동,중상사고,0,1,0,0,차대사람 - 기타,안전운전불이행,포장 - 기타,기타,단일로 - 기타,승용,남,43세,기타불명,보행자,남,71세,중상
986,2019020200100175,2019년 2월 2일 09시,토요일,제주특별자치도 제주시 연동,부상신고사고,0,0,0,1,차대사람 - 기타,안전운전불이행,포장 - 건조,맑음,단일로 - 기타,승용,남,27세,상해없음,보행자,여,25세,부상신고
987,2019020200100176,2019년 2월 2일 09시,토요일,제주특별자치도 제주시 노형동,부상신고사고,0,0,0,1,차대사람 - 기타,안전운전불이행,포장 - 건조,맑음,교차로 - 교차로부근,승용,남,42세,상해없음,보행자,남,57세,부상신고
988,2019020200100356,2019년 2월 2일 15시,토요일,제주특별자치도 서귀포시 토평동,경상사고,0,0,1,0,차대사람 - 기타,안전운전불이행,포장 - 건조,맑음,단일로 - 기타,승용,여,33세,상해없음,보행자,여,25세,경상
989,2019020300100130,2019년 2월 3일 06시,일요일,제주특별자치도 제주시 애월읍,경상사고,0,0,1,0,차대사람 - 차도통행중,안전운전불이행,포장 - 젖음/습기,비,단일로 - 기타,승용,남,60세,상해없음,보행자,남,32세,경상
990,2019020300100444,2019년 2월 3일 20시,일요일,제주특별자치도 서귀포시 서귀동,경상사고,0,0,1,0,차대사람 - 기타,안전운전불이행,포장 - 건조,맑음,단일로 - 기타,승용,여,52세,상해없음,보행자,남,57세,경상
991,2019020400100083,2019년 2월 4일 07시,월요일,제주특별자치도 제주시 일도일동,경상사고,0,0,1,0,차대사람 - 기타,안전운전불이행,포장 - 건조,맑음,교차로 - 교차로부근,승용,남,23세,상해없음,보행자,남,59세,경상
992,2019020400100101,2019년 2월 4일 09시,월요일,제주특별자치도 서귀포시 동홍동,경상사고,0,0,1,0,차대사람 - 기타,안전운전불이행,포장 - 건조,맑음,주차장 - 주차장,승용,남,41세,상해없음,보행자,남,51세,경상
993,2019020400100221,2019년 2월 4일 15시,월요일,제주특별자치도 제주시 아라일동,경상사고,0,0,1,0,차대사람 - 기타,안전운전불이행,포장 - 건조,맑음,단일로 - 기타,승용,여,25세,상해없음,보행자,남,14세,경상
994,2019020400100300,2019년 2월 4일 19시,월요일,제주특별자치도 제주시 한림읍,중상사고,0,1,0,0,차대사람 - 기타,안전운전불이행,포장 - 건조,맑음,교차로 - 교차로부근,승용,남,35세,상해없음,보행자,남,52세,중상
995,2019020500100093,2019년 2월 5일 10시,화요일,제주특별자치도 제주시 애월읍,경상사고,0,0,1,0,차대사람 - 기타,안전운전불이행,포장 - 건조,맑음,단일로 - 기타,승용,남,28세,상해없음,보행자,남,32세,경상
996,2019020500100295,2019년 2월 5일 19시,화요일,제주특별자치도 제주시 노형동,경상사고,0,0,1,0,차대사람 - 기타,안전운전불이행,포장 - 건조,맑음,단일로 - 기타,기타불명,기타불명,미분류,기타불명,보행자,남,30세,경상
997,2019020600100041,2019년 2월 6일 02시,수요일,제주특별자치도 제주시 이도일동,중상사고,0,1,0,0,차대사람 - 기타,안전운전불이행,포장 - 건조,맑음,단일로 - 기타,승용,남,61세,상해없음,보행자,남,25세,중상
998,2019020600100236,2019년 2월 6일 17시,수요일,제주특별자치도 제주시 일도이동,중상사고,0,1,0,0,차대사람 - 기타,안전운전불이행,포장 - 건조,맑음,단일로 - 기타,승용,남,51세,상해없음,보행자,남,78세,중상
999,2019020700100429,2019년 2월 7일 18시,목요일,제주특별자치도 서귀포시 신효동,경상사고,0,0,1,0,차대사람 - 기타,중앙선침범,포장 - 건조,맑음,교차로 - 교차로안,승용,여,32세,상해없음,보행자,여,61세,경상
1000,2019020700100462,2019년 2월 7일 19시,목요일,제주특별자치도 제주시 한림읍,경상사고,0,0,1,0,차대사람 - 횡단중,보행자보호의무위반,포장 - 건조,맑음,교차로 - 교차로횡단보도내,승용,여,40세,상해없음,보행자,여,26세,경상