,사고번호,사고일시,요일,시군구,사고내용,사망자수,중상자수,경상자수,부상신고자수,사고유형,법규위반,노면상태,기상상태,도로형태,가해운전자 차종,가해운전자 성별,가해운전자 연령,가해운전자 상해정도,피해운전자 차종,피해운전자 성별,피해운전자 연령,피해운전자 상해정도
1001,2019020800100239,2019년 2월 8일 13시,금요일,제주특별자치도 제주시 도남동,경상사고,0,0,1,0,차대사람 - 횡단중,안전운전불이행,포장 - 건조,맑음,단일로 - 기타,승용,여,45세,상해없음,보행자,여,65세,경상
1002,2019020900100304,2019년 2월 9일 16시,토요일,제주특별자치도 제주시 노형동,부상신고사고,0,0,0,1,차대사람 - 횡단중,안전운전불이행,포장 - 건조,맑음,단일로 - 기타,승용,여,29세,상해없음,보행자,여,10세,부상신고
1003,2019021000100240,2019년 2월 10일 17시,일요일,제주특별자치도 제주시 일도이동,중상사고,0,1,0,0,차대사람 - 기타,안전운전불이행,포장 - 건조,맑음,교차로 - 교차로횡단보도내,승용,남,67세,상해없음,보행자,남,49세,중상
1004,2019021100100515,2019년 2월 11일 21시,월요일,제주특별자치도 서귀포시 서귀동,중상사고,0,1,0,0,차대사람 - 기타,안전운전불이행,포장 - 건조,맑음,교차로 - 교차로부근,승용,여,51세,상해없음,보행자,여,45세,중상
1005,2019021200100222,2019년 2월 12일 11시,화요일,제주특별자치도 제주시 애월읍,사망사고,1,0,0,0,차대사람 - 기타,안전운전불이행,포장 - 건조,맑음,주차장 - 주차장,승용,남,55세,상해없음,보행자,남,60세,사망
1006,2019021200100458,2019년 2월 12일 19시,화요일,제주특별자치도 서귀포시 서귀동,경상사고,0,0,1,0,차대사람 - 길가장자리구역통행중,안전운전불이행,포장 - 건조,맑음,기타 - 기타,화물,남,49세,상해없음,보행자,여,22세,경상
1007,2019021300100128,2019년 2월 13일 08시,수요일,제주특별자치도 서귀포시 동홍동,경상사고,0,0,1,0,차대사람 - 횡단중,안전운전불이행,포장 - 건조,맑음,단일로 - 기타,화물,남,35세,상해없음,보행자,남,41세,경상
1008,2019021300100573,2019년 2월 13일 23시,수요일,제주특별자치도 제주시 이도이동,경상사고,0,0,1,0,차대사람 - 기타,안전운전불이행,포장 - 건조,맑음,단일로 - 기타,승용,여,60세,상해없음,보행자,여,38세,경상
1009,2019021400100149,2019년 2월 14일 09시,목요일,제주특별자치도 제주시 삼도이동,중상사고,0,1,0,0,차대사람 - 기타,기타,포장 - 건조,맑음,단일로 - 기타,화물,남,51세,상해없음,보행자,여,65세,중상
1010,2019021400100173,2019년 2월 14일 10시,목요일,제주특별자치도 제주시 용담이동,중상사고,0,1,0,0,차대사람 - 기타,안전운전불이행,포장 - 건조,맑음,단일로 - 기타,승용,남,62세,상해없음,보행자,남,59세,중상
1011,2019021400100290,2019년 2월 14일 14시,목요일,제주특별자치도 제주시 노형동,경상사고,0,0,1,0,차대사람 - 기타,안전운전불이행,포장 - 건조,맑음,단일로 - 기타,기타불명,기타불명,미분류,기타불명,보행자,남,81세,경상
1012,2019021400100386,2019년 2월 14일 17시,목요일,제주특별자치도 제주시 아라이동,중상사고,0,1,0,0,차대사람 - 기타,안전운전불이행,포장 - 건조,맑음,단일로 - 기타,승용,남,22세,상해없음,보행자,여,29세,중상
1013,2019021500100252,2019년 2월 15일 10시,금요일,제주특별자치도 제주시 한림읍,경상사고,0,0,1,0,차대사람 - 기타,안전운전불이행,포장 - 건조,맑음,주차장 - 주차장,승용,남,72세,상해없음,보행자,남,52세,경상
1014,2019021500100411,2019년 2월 15일 15시,금요일,제주특별자치도 제주시 조천읍,중상사고,0,1,0,0,차대사람 - 기타,안전운전불이행,포장 - 건조,맑음,단일로 - 기타,화물,남,59세,상해없음,보행자,여,88세,중상
1015,2019021500100642,2019년 2월 15일 21시,금요일,제주특별자치도 제주시 삼도이동,중상사고,0,1,0,0,차대사람 - 횡단중,안전운전불이행,포장 - 건조,맑음,교차로 - 교차로횡단보도내,화물,남,63세,상해없음,보행자,남,55세,중상
1016,2019021600100060,2019년 2월 16일 02시,토요일,제주특별자치도 제주시 연동,경상사고,0,0,1,0,차대사람 - 기타,안전운전불이행,포장 - 건조,맑음,단일로 - 기타,승용,남,45세,상해없음,보행자,남,41세,경상
1017,2019021600100195,2019년 2월 16일 11시,토요일,제주특별자치도 제주시 봉개동,사망사고,1,0,0,0,차대사람 - 기타,안전운전불이행,포장 - 건조,흐림,단일로 - 기타,화물,남,46세,상해없음,보행자,여,61세,사망
1018,2019021800100273,2019년 2월 18일 13시,월요일,제주특별자치도 제주시 이도이동,중상사고,0,1,0,0,차대사람 - 횡단중,보행자보호의무위반,포장 - 건조,맑음,단일로 - 기타,승용,남,76세,상해없음,보행자,남,60세,중상
1019,2019021800100544,2019년 2월 18일 22시,월요일,제주특별자치도 제주시 일도이동,경상사고,0,0,1,0,차대사람 - 횡단중,보행자보호의무위반,포장 - 젖음/습기,비,교차로 - 교차로횡단보도내,승용,남,66세,상해없음,보행자,여,18세,경상
1020,2019021800100576,2019년 2월 18일 23시,월요일,제주특별자치도 제주시 노형동,경상사고,0,0,1,0,차대사람 - 기타,안전운전불이행,포장 - 젖음/습기,비,단일로 - 기타,승용,남,33세,상해없음,보행자,남,49세,경상
1021,2019021900100027,2019년 2월 19일 00시,화요일,제주특별자치도 서귀포시 서홍동,경상사고,0,0,1,0,차대사람 - 기타,안전운전불이행,포장 - 젖음/습기,비,단일로 - 기타,승용,남,37세,상해없음,보행자,남,29세,경상
1022,2019021900100043,2019년 2월 19일 01시,화요일,제주특별자치도 제주시 연동,중상사고,0,1,0,0,차대사람 - 횡단중,안전운전불이행,포장 - 젖음/습기,비,단일로 - 기타,승용,여,37세,상해없음,보행자,여,69세,중상
1023,2019021900100203,2019년 2월 19일 10시,화요일,제주특별자치도 제주시 한림읍,경상사고,0,0,1,0,차대사람 - 횡단중,안전운전불이행,포장 - 건조,맑음,교차로 - 교차로안,화물,남,68세,상해없음,보행자,여,39세,경상
1024,2019021900100228,2019년 2월 19일 11시,화요일,제주특별자치도 제주시 연동,경상사고,0,0,1,0,차대사람 - 기타,안전운전불이행,포장 - 건조,맑음,단일로 - 기타,승용,여,60세,상해없음,보행자,남,51세,경상
1025,2019021900100426,2019년 2월 19일 18시,화요일,제주특별자치도 제주시 건입동,경상사고,0,0,2,0,차대사람 - 횡단중,안전운전불이행,포장 - 건조,맑음,교차로 - 교차로안,승용,여,40세,상해없음,보행자,여,44세,경상
1026,2019021900100461,2019년 2월 19일 19시,화요일,제주특별자치도 제주시 삼도이동,경상사고,0,0,1,0,차대사람 - 기타,안전운전불이행,포장 - 건조,맑음,단일로 - 기타,승용,여,49세,상해없음,보행자,여,74세,경상
1027,2019022000100175,2019년 2월 20일 10시,수요일,제주특별자치도 제주시 이도이동,중상사고,0,1,0,0,차대사람 - 기타,안전운전불이행,포장 - 건조,흐림,교차로 - 교차로부근,승용,남,39세,상해없음,보행자,남,61세,중상
1028,2019022000100235,2019년 2월 20일 12시,수요일,제주특별자치도 제주시 외도일동,경상사고,0,0,1,0,차대사람 - 기타,안전운전불이행,포장 - 건조,맑음,단일로 - 기타,승용,남,60세,상해없음,보행자,여,8세,경상
1029,2019022100100129,2019년 2월 21일 08시,목요일,제주특별자치도 제주시 아라일동,경상사고,0,0,1,0,차대사람 - 횡단중,안전운전불이행,포장 - 건조,맑음,교차로 - 교차로부근,승용,남,25세,상해없음,보행자,여,11세,경상
1030,2019022100100462,2019년 2월 21일 18시,목요일,제주특별자치도 제주시 화북일동,경상사고,0,0,1,0,차대사람 - 기타,보행자보호의무위반,포장 - 건조,맑음,교차로 - 교차로횡단보도내,이륜,남,33세,상해없음,보행자,남,23세,경상
1031,2019022100100464,2019년 2월 21일 18시,목요일,제주특별자치도 서귀포시 동홍동,경상사고,0,0,2,0,차대사람 - 기타,보행자보호의무위반,포장 - 건조,맑음,교차로 - 교차로횡단보도내,승용,여,31세,상해없음,보행자,여,12세,경상
1032,2019022200100070,2019년 2월 22일 04시,금요일,제주특별자치도 제주시 일도이동,경상사고,0,0,1,0,차대사람 - 횡단중,보행자보호의무위반,포장 - 젖음/습기,비,단일로 - 기타,승용,여,37세,상해없음,보행자,남,67세,경상
1033,2019022200100383,2019년 2월 22일 16시,금요일,제주특별자치도 제주시 노형동,경상사고,0,0,1,0,차대사람 - 횡단중,보행자보호의무위반,포장 - 젖음/습기,비,기타 - 기타,승용,여,25세,상해없음,보행자,남,67세,경상
1034,2019022400100133,2019년 2월 24일 11시,일요일,제주특별자치도 제주시 이호이동,중상사고,0,1,0,0,차대사람 - 기타,안전운전불이행,포장 - 건조,맑음,단일로 - 기타,승용,남,26세,상해없음,보행자,여,80세,중상
1035,2019022400100337,2019년 2월 24일 18시,일요일,제주특별자치도 제주시 건입동,중상사고,0,1,0,0,차대사람 - 기타,기타,포장 - 건조,맑음,단일로 - 기타,승합,남,46세,상해없음,보행자,여,53세,중상
1036,2019022500100218,2019년 2월 25일 11시,월요일,제주특별자치도 제주시 애월읍,경상사고,0,0,1,0,차대사람 - 횡단중,안전운전불이행,포장 - 건조,맑음,단일로 - 기타,승용,남,36세,상해없음,보행자,남,7세,경상
1037,2019022500100381,2019년 2월 25일 16시,월요일,제주특별자치도 서귀포시 서홍동,중상사고,0,1,0,0,차대사람 - 횡단중,보행자보호의무위반,포장 - 건조,맑음,교차로 - 교차로횡단보도내,승용,남,54세,상해없음,보행자,남,63세,중상
1038,2019022500100422,2019년 2월 25일 17시,월요일,제주특별자치도 제주시 외도일동,중상사고,0,1,0,0,차대사람 - 보도통행중,보행자보호의무위반,포장 - 건조,맑음,교차로 - 교차로부근,화물,남,58세,상해없음,보행자,여,57세,중상
1039,2019022500100540,2019년 2월 25일 20시,월요일,제주특별자치도 제주시 도두일동,경상사고,0,0,1,0,차대사람 - 기타,안전운전불이행,포장 - 건조,맑음,단일로 - 기타,승용,남,54세,상해없음,보행자,남,41세,경상
1040,2019022600100302,2019년 2월 26일 14시,화요일,제주특별자치도 제주시 이도이동,경상사고,0,0,1,0,차대사람 - 횡단중,안전운전불이행,포장 - 건조,맑음,단일로 - 기타,승용,남,33세,상해없음,보행자,여,33세,경상
1041,2019022700100208,2019년 2월 27일 11시,수요일,제주특별자치도 서귀포시 남원읍,중상사고,0,1,0,0,차대사람 - 기타,안전운전불이행,포장 - 젖음/습기,비,단일로 - 기타,화물,남,66세,상해없음,보행자,남,42세,중상
1042,2019022700100243,2019년 2월 27일 12시,수요일,제주특별자치도 제주시 삼도일동,경상사고,0,0,1,0,차대사람 - 기타,안전운전불이행,포장 - 젖음/습기,비,단일로 - 기타,화물,남,37세,상해없음,보행자,여,39세,경상
1043,2019022700100264,2019년 2월 27일 13시,수요일,제주특별자치도 서귀포시 동홍동,중상사고,0,1,0,0,차대사람 - 기타,기타,포장 - 건조,맑음,단일로 - 기타,승합,남,80세,상해없음,보행자,여,8세,중상
1044,2019022700100288,2019년 2월 27일 14시,수요일,제주특별자치도 서귀포시 동홍동,경상사고,0,0,1,0,차대사람 - 횡단중,보행자보호의무위반,포장 - 건조,맑음,단일로 - 기타,화물,남,46세,상해없음,보행자,남,65세,경상
1045,2019022700100389,2019년 2월 27일 17시,수요일,제주특별자치도 서귀포시 서귀동,중상사고,0,1,0,0,차대사람 - 기타,안전운전불이행,포장 - 건조,맑음,단일로 - 기타,승용,남,51세,상해없음,보행자,여,64세,중상
1046,2019022700100508,2019년 2월 27일 20시,수요일,제주특별자치도 제주시 일도이동,경상사고,0,0,1,0,차대사람 - 횡단중,보행자보호의무위반,포장 - 젖음/습기,비,교차로 - 교차로횡단보도내,승용,여,56세,상해없음,보행자,여,25세,경상
1047,2019022800100324,2019년 2월 28일 14시,목요일,제주특별자치도 제주시 용담이동,경상사고,0,0,1,0,차대사람 - 기타,안전운전불이행,포장 - 건조,맑음,교차로 - 교차로안,승용,여,60세,상해없음,보행자,여,79세,경상
1048,2019022800100354,2019년 2월 28일 15시,목요일,제주특별자치도 서귀포시 서귀동,중상사고,0,1,0,0,차대사람 - 기타,안전운전불이행,포장 - 기타,맑음,기타 - 기타,승용,여,66세,상해없음,보행자,여,2세,중상
1049,2019022800100582,2019년 2월 28일 21시,목요일,제주특별자치도 제주시 도련일동,중상사고,0,1,0,0,차대사람 - 횡단중,보행자보호의무위반,포장 - 건조,맑음,단일로 - 기타,승용,여,60세,상해없음,보행자,남,45세,중상
1050,2019030100100043,2019년 3월 1일 00시,금요일,제주특별자치도 제주시 노형동,경상사고,0,0,1,0,차대사람 - 기타,안전운전불이행,포장 - 건조,맑음,단일로 - 기타,승용,남,51세,상해없음,보행자,여,25세,경상
1051,2019030100100196,2019년 3월 1일 11시,금요일,제주특별자치도 제주시 연동,경상사고,0,0,1,0,차대사람 - 기타,보행자보호의무위반,포장 - 건조,맑음,교차로 - 교차로횡단보도내,승용,남,50세,상해없음,보행자,여,66세,경상
1052,2019030100100384,2019년 3월 1일 18시,금요일,제주특별자치도 제주시 노형동,중상사고,0,1,0,0,차대사람 - 횡단중,안전운전불이행,포장 - 건조,맑음,교차로 - 교차로안,승용,남,20세,상해없음,보행자,여,21세,중상
1053,2019030100100416,2019년 3월 1일 19시,금요일,제주특별자치도 제주시 이도일동,중상사고,0,1,0,0,차대사람 - 기타,안전운전불이행,포장 - 건조,맑음,교차로 - 교차로안,승용,남,61세,상해없음,보행자,여,74세,중상
1054,2019030200100039,2019년 3월 2일 02시,토요일,제주특별자치도 제주시 우도면,중상사고,0,1,0,0,차대사람 - 길가장자리구역통행중,안전운전불이행,포장 - 건조,맑음,단일로 - 기타,승합,남,61세,상해없음,보행자,여,45세,중상
1055,2019030200100077,2019년 3월 2일 06시,토요일,제주특별자치도 제주시 삼도일동,경상사고,0,0,1,0,차대사람 - 기타,안전운전불이행,포장 - 건조,맑음,단일로 - 기타,화물,남,37세,상해없음,보행자,남,26세,경상
1056,2019030200100282,2019년 3월 2일 15시,토요일,제주특별자치도 제주시 이도일동,중상사고,0,1,0,0,차대사람 - 기타,안전운전불이행,포장 - 건조,맑음,단일로 - 기타,승용,여,59세,상해없음,보행자,여,60세,중상
1057,2019030200100442,2019년 3월 2일 20시,토요일,제주특별자치도 제주시 외도일동,경상사고,0,0,1,0,차대사람 - 기타,안전운전불이행,포장 - 젖음/습기,비,단일로 - 기타,화물,남,51세,상해없음,보행자,남,33세,경상
1058,2019030300100070,2019년 3월 3일 05시,일요일,제주특별자치도 제주시 도남동,중상사고,0,1,0,0,차대사람 - 기타,안전운전불이행,포장 - 건조,맑음,단일로 - 기타,승용,남,76세,상해없음,보행자,여,57세,중상
1059,2019030300100219,2019년 3월 3일 15시,일요일,제주특별자치도 제주시 화북일동,경상사고,0,0,1,0,차대사람 - 기타,안전운전불이행,포장 - 건조,맑음,단일로 - 기타,승용,남,70세,상해없음,보행자,여,14세,경상
1060,2019030300100220,2019년 3월 3일 15시,일요일,제주특별자치도 제주시 조천읍,경상사고,0,0,1,0,차대사람 - 기타,안전운전불이행,포장 - 젖음/습기,비,단일로 - 기타,승용,남,53세,상해없음,보행자,여,30세,경상
1061,2019030300100244,2019년 3월 3일 16시,일요일,제주특별자치도 제주시 외도일동,경상사고,0,0,1,0,차대사람 - 기타,안전운전불이행,포장 - 건조,맑음,단일로 - 기타,승용,여,43세,상해없음,보행자,남,61세,경상
1062,2019030300100378,2019년 3월 3일 22시,일요일,제주특별자치도 제주시 도련일동,경상사고,0,0,1,0,차대사람 - 횡단중,보행자보호의무위반,포장 - 젖음/습기,비,교차로 - 교차로부근,이륜,남,21세,상해없음,보행자,여,46세,경상
1063,2019030400100379,2019년 3월 4일 17시,월요일,제주특별자치도 제주시 삼도이동,경상사고,0,0,1,0,차대사람 - 기타,안전운전불이행,포장 - 건조,맑음,단일로 - 기타,승용,여,60세,상해없음,보행자,여,13세,경상
1064,2019030400100422,2019년 3월 4일 18시,월요일,제주특별자치도 제주시 이도이동,경상사고,0,0,1,0,차대사람 - 횡단중,보행자보호의무위반,포장 - 건조,맑음,단일로 - 기타,기타불명,기타불명,미분류,기타불명,보행자,남,29세,경상
1065,2019030500100363,2019년 3월 5일 16시,화요일,제주특별자치도 제주시 용담일동,경상사고,0,0,1,0,차대사람 - 기타,안전운전불이행,포장 - 건조,맑음,단일로 - 기타,승용,남,23세,상해없음,보행자,남,35세,경상
1066,2019030500100446,2019년 3월 5일 19시,화요일,제주특별자치도 제주시 화북이동,부상신고사고,0,0,0,1,차대사람 - 횡단중,안전운전불이행,포장 - 건조,맑음,단일로 - 기타,승용,남,19세,상해없음,보행자,여,5세,부상신고
1067,2019030600100290,2019년 3월 6일 13시,수요일,제주특별자치도 제주시 이도일동,경상사고,0,0,1,0,차대사람 - 기타,안전운전불이행,포장 - 건조,맑음,교차로 - 교차로안,승용,남,29세,상해없음,보행자,여,59세,경상
1068,2019030600100342,2019년 3월 6일 15시,수요일,제주특별자치도 제주시 일도이동,경상사고,0,0,1,0,차대사람 - 횡단중,보행자보호의무위반,포장 - 건조,맑음,교차로 - 교차로부근,승용,여,33세,상해없음,보행자,여,69세,경상
1069,2019030600100491,2019년 3월 6일 19시,수요일,제주특별자치도 서귀포시 성산읍,중상사고,0,1,0,0,차대사람 - 횡단중,보행자보호의무위반,포장 - 건조,맑음,단일로 - 기타,화물,남,64세,상해없음,보행자,여,60세,중상
1070,2019030700100030,2019년 3월 7일 00시,목요일,제주특별자치도 제주시 삼도이동,중상사고,0,1,0,0,차대사람 - 횡단중,안전운전불이행,포장 - 건조,맑음,단일로 - 기타,승용,남,32세,상해없음,보행자,남,43세,중상
1071,2019030700100145,2019년 3월 7일 08시,목요일,제주특별자치도 제주시 연동,중상사고,0,1,0,0,차대사람 - 횡단중,보행자보호의무위반,포장 - 건조,맑음,단일로 - 기타,승용,남,39세,상해없음,보행자,남,8세,중상
1072,2019030700100203,2019년 3월 7일 10시,목요일,제주특별자치도 제주시 애월읍,중상사고,0,1,0,0,차대사람 - 기타,안전운전불이행,포장 - 건조,맑음,단일로 - 기타,승합,남,39세,상해없음,보행자,여,84세,중상
1073,2019030700100576,2019년 3월 7일 21시,목요일,제주특별자치도 제주시 일도이동,경상사고,0,0,2,0,차대사람 - 횡단중,보행자보호의무위반,포장 - 건조,맑음,교차로 - 교차로안,승용,남,47세,상해없음,보행자,남,64세,경상
1074,2019030800100389,2019년 3월 8일 14시,금요일,제주특별자치도 제주시 우도면,중상사고,0,1,0,0,차대사람 - 기타,안전운전불이행,포장 - 건조,맑음,단일로 - 기타,이륜,여,38세,상해없음,보행자,여,26세,중상
1075,2019030800100505,2019년 3월 8일 17시,금요일,제주특별자치도 제주시 화북일동,중상사고,0,1,0,0,차대사람 - 횡단중,보행자보호의무위반,포장 - 건조,맑음,교차로 - 교차로횡단보도내,승용,여,38세,상해없음,보행자,여,16세,중상
1076,2019030800100615,2019년 3월 8일 19시,금요일,제주특별자치도 서귀포시 대정읍,경상사고,0,0,1,0,차대사람 - 기타,보행자보호의무위반,포장 - 건조,맑음,교차로 - 교차로부근,승용,남,38세,상해없음,보행자,남,18세,경상
1077,2019030900100034,2019년 3월 9일 00시,토요일,제주특별자치도 제주시 이도이동,경상사고,0,0,1,0,차대사람 - 기타,안전운전불이행,포장 - 건조,맑음,단일로 - 기타,승용,여,42세,상해없음,보행자,남,57세,경상
1078,2019030900100128,2019년 3월 9일 07시,토요일,제주특별자치도 제주시 이호이동,중상사고,0,1,0,0,차대사람 - 횡단중,안전운전불이행,포장 - 건조,맑음,단일로 - 기타,승용,여,69세,상해없음,보행자,남,46세,중상
1079,2019030900100343,2019년 3월 9일 14시,토요일,제주특별자치도 제주시 이도일동,경상사고,0,0,1,0,차대사람 - 기타,안전운전불이행,포장 - 건조,맑음,교차로 - 교차로부근,승용,남,67세,상해없음,보행자,여,69세,경상
1080,2019030900100635,2019년 3월 9일 22시,토요일,제주특별자치도 제주시 이도일동,중상사고,0,1,0,0,차대사람 - 횡단중,보행자보호의무위반,포장 - 젖음/습기,비,단일로 - 기타,승용,여,42세,상해없음,보행자,여,30세,중상
1081,2019031000100159,2019년 3월 10일 11시,일요일,제주특별자치도 제주시 용담삼동,경상사고,0,0,1,0,차대사람 - 기타,안전운전불이행,포장 - 젖음/습기,비,단일로 - 기타,승용,남,57세,상해없음,보행자,여,26세,경상
1082,2019031100100065,2019년 3월 11일 06시,월요일,제주특별자치도 서귀포시 대정읍,사망사고,1,0,0,0,차대사람 - 기타,안전운전불이행,포장 - 건조,맑음,교차로 - 교차로부근,승용,남,44세,상해없음,보행자,남,65세,사망
1083,2019031100100447,2019년 3월 11일 18시,월요일,제주특별자치도 제주시 이도이동,경상사고,0,0,1,0,차대사람 - 기타,안전운전불이행,포장 - 젖음/습기,비,단일로 - 기타,승용,여,40세,상해없음,보행자,남,27세,경상
1084,2019031100100492,2019년 3월 11일 19시,월요일,제주특별자치도 제주시 일도일동,경상사고,0,0,1,0,차대사람 - 기타,안전운전불이행,포장 - 건조,맑음,단일로 - 기타,승용,남,30세,상해없음,보행자,여,65세,경상
1085,2019031200100133,2019년 3월 12일 08시,화요일,제주특별자치도 서귀포시 대정읍,중상사고,0,1,0,0,차대사람 - 횡단중,기타,포장 - 건조,맑음,단일로 - 기타,화물,남,59세,상해없음,보행자,여,7세,중상
1086,2019031200100269,2019년 3월 12일 13시,화요일,제주특별자치도 제주시 이도이동,사망사고,1,0,0,0,차대사람 - 기타,기타,포장 - 건조,맑음,단일로 - 기타,화물,남,33세,상해없음,보행자,여,70세,사망
1087,2019031200100270,2019년 3월 12일 13시,화요일,제주특별자치도 제주시 애월읍,경상사고,0,0,1,0,차대사람 - 횡단중,안전운전불이행,포장 - 건조,맑음,단일로 - 기타,승용,여,19세,상해없음,보행자,남,53세,경상
1088,2019031200100333,2019년 3월 12일 15시,화요일,제주특별자치도 제주시 삼도일동,경상사고,0,0,1,0,차대사람 - 기타,안전운전불이행,포장 - 건조,맑음,단일로 - 기타,승용,여,35세,상해없음,보행자,남,71세,경상
1089,2019031200100559,2019년 3월 12일 21시,화요일,제주특별자치도 제주시 애월읍,경상사고,0,0,1,0,차대사람 - 기타,안전운전불이행,포장 - 건조,맑음,교차로 - 교차로안,화물,남,69세,상해없음,보행자,남,20세,경상
1090,2019031200100588,2019년 3월 12일 22시,화요일,제주특별자치도 제주시 일도이동,경상사고,0,0,1,0,차대사람 - 횡단중,안전운전불이행,포장 - 건조,맑음,교차로 - 교차로부근,승용,남,24세,상해없음,보행자,여,21세,경상
1091,2019031400100049,2019년 3월 14일 02시,목요일,제주특별자치도 제주시 노형동,경상사고,0,0,1,0,차대사람 - 기타,안전운전불이행,포장 - 건조,맑음,단일로 - 기타,기타불명,기타불명,미분류,기타불명,보행자,남,37세,경상
1092,2019031400100252,2019년 3월 14일 11시,목요일,제주특별자치도 제주시 이도일동,중상사고,0,1,0,0,차대사람 - 보도통행중,불법유턴,포장 - 건조,맑음,기타 - 기타,승용,남,37세,상해없음,보행자,남,62세,중상
1093,2019031400100278,2019년 3월 14일 12시,목요일,제주특별자치도 제주시 연동,경상사고,0,0,1,0,차대사람 - 기타,안전운전불이행,포장 - 건조,맑음,단일로 - 기타,승용,남,25세,상해없음,보행자,여,50세,경상
1094,2019031700100205,2019년 3월 17일 12시,일요일,제주특별자치도 제주시 애월읍,경상사고,0,0,1,0,차대사람 - 길가장자리구역통행중,안전운전불이행,포장 - 건조,맑음,단일로 - 기타,승용,남,53세,상해없음,보행자,여,84세,경상
1095,2019031700100352,2019년 3월 17일 16시,일요일,제주특별자치도 서귀포시 안덕면,중상사고,0,1,0,0,차대사람 - 기타,안전운전불이행,포장 - 건조,맑음,단일로 - 기타,승용,여,22세,상해없음,보행자,남,7세,중상
1096,2019031700100435,2019년 3월 17일 19시,일요일,제주특별자치도 서귀포시 서귀동,경상사고,0,0,1,0,차대사람 - 기타,보행자보호의무위반,포장 - 건조,맑음,교차로 - 교차로안,승용,여,57세,상해없음,보행자,남,35세,경상
1097,2019031700100482,2019년 3월 17일 21시,일요일,제주특별자치도 서귀포시 남원읍,중상사고,0,1,0,0,차대사람 - 기타,안전운전불이행,포장 - 건조,맑음,교차로 - 교차로안,화물,남,60세,상해없음,보행자,남,52세,중상
1098,2019031700100498,2019년 3월 17일 22시,일요일,제주특별자치도 제주시 외도일동,경상사고,0,0,1,0,차대사람 - 횡단중,보행자보호의무위반,포장 - 건조,맑음,교차로 - 교차로횡단보도내,승용,남,43세,상해없음,보행자,여,41세,경상
1099,2019031800100100,2019년 3월 18일 07시,월요일,제주특별자치도 제주시 연동,중상사고,0,1,0,0,차대사람 - 보도통행중,기타,포장 - 건조,맑음,기타 - 기타,승용,남,47세,상해없음,보행자,여,15세,중상
1100,2019031800100177,2019년 3월 18일 09시,월요일,제주특별자치도 제주시 연동,중상사고,0,1,0,0,차대사람 - 기타,보행자보호의무위반,포장 - 건조,맑음,교차로 - 교차로횡단보도내,승용,여,42세,상해없음,보행자,남,64세,중상
1101,2019031800100490,2019년 3월 18일 19시,월요일,제주특별자치도 제주시 이도이동,경상사고,0,0,1,0,차대사람 - 기타,보행자보호의무위반,포장 - 젖음/습기,비,교차로 - 교차로횡단보도내,이륜,남,26세,상해없음,보행자,남,55세,경상
1102,2019031800100519,2019년 3월 18일 20시,월요일,제주특별자치도 제주시 오라일동,경상사고,0,0,1,0,차대사람 - 횡단중,보행자보호의무위반,포장 - 젖음/습기,비,교차로 - 교차로안,승용,남,32세,상해없음,보행자,남,65세,경상
1103,2019031900100074,2019년 3월 19일 05시,화요일,제주특별자치도 제주시 아라일동,중상사고,0,1,0,0,차대사람 - 기타,안전운전불이행,포장 - 건조,맑음,단일로 - 기타,승용,여,27세,상해없음,보행자,여,90세 이상,중상
1104,2019031900100194,2019년 3월 19일 10시,화요일,제주특별자치도 제주시 용강동,중상사고,0,1,0,0,차대사람 - 횡단중,보행자보호의무위반,포장 - 건조,맑음,단일로 - 기타,화물,남,44세,상해없음,보행자,여,69세,중상
1105,2019032000100166,2019년 3월 20일 08시,수요일,제주특별자치도 서귀포시 호근동,중상사고,0,1,0,0,차대사람 - 길가장자리구역통행중,안전운전불이행,포장 - 건조,맑음,단일로 - 기타,승용,여,53세,상해없음,보행자,남,55세,중상
1106,2019032000100237,2019년 3월 20일 11시,수요일,제주특별자치도 서귀포시 남원읍,중상사고,0,1,0,0,차대사람 - 기타,안전운전불이행,포장 - 건조,맑음,단일로 - 기타,승합,남,62세,상해없음,보행자,여,72세,중상
1107,2019032000100369,2019년 3월 20일 15시,수요일,제주특별자치도 제주시 이도일동,경상사고,0,0,1,0,차대사람 - 기타,안전운전불이행,포장 - 건조,맑음,단일로 - 기타,승용,여,67세,상해없음,보행자,남,8세,경상
1108,2019032100100314,2019년 3월 21일 13시,목요일,제주특별자치도 제주시 연동,경상사고,0,0,1,0,차대사람 - 횡단중,안전운전불이행,포장 - 건조,맑음,단일로 - 기타,승용,남,60세,상해없음,보행자,남,49세,경상
1109,2019032200100316,2019년 3월 22일 14시,금요일,제주특별자치도 제주시 연동,중상사고,0,1,0,0,차대사람 - 기타,안전운전불이행,포장 - 건조,맑음,단일로 - 기타,승용,여,27세,상해없음,보행자,여,76세,중상
1110,2019032200100535,2019년 3월 22일 19시,금요일,제주특별자치도 제주시 한림읍,중상사고,0,1,0,0,차대사람 - 기타,안전운전불이행,포장 - 건조,맑음,교차로 - 교차로안,승용,남,25세,상해없음,보행자,여,53세,중상
1111,2019032300100299,2019년 3월 23일 13시,토요일,제주특별자치도 서귀포시 서홍동,부상신고사고,0,0,0,1,차대사람 - 기타,안전운전불이행,포장 - 건조,맑음,단일로 - 기타,승용,남,41세,상해없음,보행자,남,4세,부상신고