,사고번호,사고일시,요일,시군구,사고내용,사망자수,중상자수,경상자수,부상신고자수,사고유형,법규위반,노면상태,기상상태,도로형태,가해운전자 차종,가해운전자 성별,가해운전자 연령,가해운전자 상해정도,피해운전자 차종,피해운전자 성별,피해운전자 연령,피해운전자 상해정도
1335,2019062400100460,2019년 6월 24일 16시,월요일,제주특별자치도 제주시 연동,부상신고사고,0,0,0,1,차대사람 - 길가장자리구역통행중,안전운전불이행,포장 - 건조,맑음,단일로 - 기타,승용,여,57세,상해없음,보행자,남,13세,부상신고
1336,2019062400100576,2019년 6월 24일 18시,월요일,제주특별자치도 제주시 아라이동,중상사고,0,1,0,0,차대사람 - 횡단중,보행자보호의무위반,포장 - 건조,맑음,교차로 - 교차로횡단보도내,승용,남,52세,상해없음,보행자,여,11세,중상
1337,2019062400100577,2019년 6월 24일 18시,월요일,제주특별자치도 서귀포시 동홍동,경상사고,0,0,2,0,차대사람 - 기타,보행자보호의무위반,포장 - 건조,맑음,교차로 - 교차로안,승용,남,73세,상해없음,보행자,남,36세,경상
1338,2019062500100078,2019년 6월 25일 06시,화요일,제주특별자치도 제주시 건입동,사망사고,1,0,0,0,차대사람 - 횡단중,안전운전불이행,포장 - 건조,맑음,교차로 - 교차로부근,화물,남,56세,상해없음,보행자,남,79세,사망
1339,2019062500100155,2019년 6월 25일 08시,화요일,제주특별자치도 제주시 이도이동,경상사고,0,0,1,0,차대사람 - 기타,보행자보호의무위반,포장 - 건조,맑음,교차로 - 교차로횡단보도내,승용,남,48세,상해없음,보행자,여,34세,경상
1340,2019062700100437,2019년 6월 27일 16시,목요일,제주특별자치도 서귀포시 대정읍,경상사고,0,0,1,0,차대사람 - 횡단중,안전운전불이행,포장 - 건조,맑음,교차로 - 교차로부근,화물,남,71세,상해없음,보행자,여,46세,경상
1341,2019062800100078,2019년 6월 28일 05시,금요일,제주특별자치도 서귀포시 동홍동,중상사고,0,1,0,0,차대사람 - 횡단중,보행자보호의무위반,포장 - 건조,맑음,교차로 - 교차로횡단보도내,화물,남,75세,상해없음,보행자,남,69세,중상
1342,2019062900100146,2019년 6월 29일 07시,토요일,제주특별자치도 제주시 한림읍,중상사고,0,1,0,0,차대사람 - 차도통행중,중앙선침범,포장 - 건조,맑음,단일로 - 기타,승용,남,20세,상해없음,보행자,여,81세,중상
1343,2019063000100338,2019년 6월 30일 17시,일요일,제주특별자치도 제주시 노형동,중상사고,0,1,0,0,차대사람 - 횡단중,보행자보호의무위반,포장 - 건조,맑음,교차로 - 교차로횡단보도내,승용,남,23세,상해없음,보행자,여,74세,중상
1344,2019063000100364,2019년 6월 30일 18시,일요일,제주특별자치도 서귀포시 서귀동,경상사고,0,0,1,0,차대사람 - 기타,안전운전불이행,포장 - 건조,맑음,단일로 - 기타,승용,여,29세,상해없음,보행자,여,21세,경상
1345,2019070100100157,2019년 7월 1일 08시,월요일,제주특별자치도 제주시 이도이동,경상사고,0,0,1,0,차대사람 - 기타,안전운전불이행,포장 - 건조,맑음,교차로 - 교차로안,승용,여,61세,상해없음,보행자,남,47세,경상
1346,2019070200100055,2019년 7월 2일 01시,화요일,제주특별자치도 제주시 애월읍,중상사고,0,1,0,0,차대사람 - 길가장자리구역통행중,안전운전불이행,포장 - 건조,맑음,단일로 - 기타,화물,남,55세,상해없음,보행자,남,56세,중상
1347,2019070200100248,2019년 7월 2일 11시,화요일,제주특별자치도 제주시 이도이동,중상사고,0,1,0,0,차대사람 - 횡단중,보행자보호의무위반,포장 - 건조,맑음,단일로 - 기타,승용,남,26세,상해없음,보행자,여,24세,중상
1348,2019070200100618,2019년 7월 2일 23시,화요일,제주특별자치도 서귀포시 중문동,중상사고,0,1,0,0,차대사람 - 횡단중,중앙선침범,포장 - 건조,기타,단일로 - 기타,승용,남,47세,상해없음,보행자,남,27세,중상
1349,2019070300100029,2019년 7월 3일 00시,수요일,제주특별자치도 제주시 애월읍,경상사고,0,0,1,0,차대사람 - 기타,안전운전불이행,포장 - 건조,맑음,단일로 - 기타,승용,남,24세,상해없음,보행자,남,64세,경상
1350,2019070300100327,2019년 7월 3일 14시,수요일,제주특별자치도 제주시 이도이동,부상신고사고,0,0,0,1,차대사람 - 기타,안전운전불이행,포장 - 건조,흐림,단일로 - 기타,승용,여,37세,상해없음,보행자,여,45세,부상신고
1351,2019070400100030,2019년 7월 4일 00시,목요일,제주특별자치도 제주시 건입동,경상사고,0,0,1,0,차대사람 - 차도통행중,안전운전불이행,포장 - 건조,맑음,단일로 - 기타,승용,여,46세,상해없음,보행자,남,57세,경상
1352,2019070500100398,2019년 7월 5일 15시,금요일,제주특별자치도 제주시 구좌읍,중상사고,0,1,0,0,차대사람 - 횡단중,보행자보호의무위반,포장 - 건조,맑음,교차로 - 교차로횡단보도내,화물,여,59세,상해없음,보행자,여,55세,중상
1353,2019070500100399,2019년 7월 5일 15시,금요일,제주특별자치도 제주시 봉개동,중상사고,0,1,0,0,차대사람 - 횡단중,신호위반,포장 - 건조,맑음,교차로 - 교차로횡단보도내,화물,남,46세,상해없음,보행자,남,8세,중상
1354,2019070500100498,2019년 7월 5일 17시,금요일,제주특별자치도 제주시 삼양이동,중상사고,0,1,0,0,차대사람 - 횡단중,보행자보호의무위반,포장 - 건조,맑음,교차로 - 교차로횡단보도내,승용,여,34세,상해없음,보행자,여,20세,중상
1355,2019070500100676,2019년 7월 5일 22시,금요일,제주특별자치도 제주시 연동,중상사고,0,1,0,0,차대사람 - 보도통행중,신호위반,포장 - 건조,맑음,교차로 - 교차로안,승용,남,20세,상해없음,보행자,남,39세,중상
1356,2019070600100631,2019년 7월 6일 20시,토요일,제주특별자치도 제주시 연동,경상사고,0,0,1,0,차대사람 - 기타,안전운전불이행,포장 - 건조,맑음,단일로 - 기타,승용,여,46세,상해없음,보행자,남,25세,경상
1357,2019070700100273,2019년 7월 7일 14시,일요일,제주특별자치도 제주시 조천읍,중상사고,0,1,0,0,차대사람 - 횡단중,보행자보호의무위반,포장 - 건조,맑음,교차로 - 교차로횡단보도내,승용,남,54세,상해없음,보행자,여,71세,중상
1358,2019070700100274,2019년 7월 7일 14시,일요일,제주특별자치도 제주시 노형동,경상사고,0,0,1,0,차대사람 - 횡단중,보행자보호의무위반,포장 - 건조,맑음,교차로 - 교차로횡단보도내,승용,여,40세,상해없음,보행자,남,36세,경상
1359,2019070700100450,2019년 7월 7일 20시,일요일,제주특별자치도 제주시 아라일동,중상사고,0,1,0,0,차대사람 - 횡단중,보행자보호의무위반,포장 - 젖음/습기,흐림,교차로 - 교차로횡단보도내,승용,여,35세,상해없음,보행자,남,43세,중상
1360,2019070800100322,2019년 7월 8일 13시,월요일,제주특별자치도 제주시 노형동,경상사고,0,0,1,0,차대사람 - 기타,안전운전불이행,포장 - 건조,맑음,단일로 - 기타,승용,남,18세,상해없음,보행자,여,37세,경상
1361,2019070800100381,2019년 7월 8일 15시,월요일,제주특별자치도 제주시 노형동,중상사고,0,1,0,0,차대사람 - 차도통행중,안전운전불이행,포장 - 건조,맑음,교차로 - 교차로부근,화물,남,45세,상해없음,보행자,남,58세,중상
1362,2019070900100389,2019년 7월 9일 15시,화요일,제주특별자치도 제주시 애월읍,경상사고,0,0,1,0,차대사람 - 횡단중,보행자보호의무위반,포장 - 건조,흐림,단일로 - 기타,승용,여,22세,상해없음,보행자,남,13세,경상
1363,2019070900100509,2019년 7월 9일 18시,화요일,제주특별자치도 제주시 연동,경상사고,0,0,1,0,차대사람 - 기타,안전운전불이행,포장 - 젖음/습기,비,교차로 - 교차로안,승용,남,42세,상해없음,보행자,남,62세,경상
1364,2019071000100196,2019년 7월 10일 10시,수요일,제주특별자치도 제주시 노형동,경상사고,0,0,1,0,차대사람 - 기타,안전운전불이행,포장 - 건조,맑음,주차장 - 주차장,승용,여,47세,상해없음,보행자,남,47세,경상
1365,2019071000100222,2019년 7월 10일 11시,수요일,제주특별자치도 제주시 삼도이동,경상사고,0,0,1,0,차대사람 - 횡단중,안전운전불이행,포장 - 젖음/습기,비,교차로 - 교차로안,승용,여,66세,상해없음,보행자,여,78세,경상
1366,2019071000100346,2019년 7월 10일 15시,수요일,제주특별자치도 제주시 용담이동,경상사고,0,0,1,0,차대사람 - 횡단중,안전운전불이행,포장 - 젖음/습기,비,단일로 - 기타,승용,남,63세,상해없음,보행자,여,12세,경상
1367,2019071000100427,2019년 7월 10일 17시,수요일,제주특별자치도 제주시 도남동,경상사고,0,0,1,0,차대사람 - 기타,안전운전불이행,포장 - 젖음/습기,비,단일로 - 기타,승용,여,21세,상해없음,보행자,남,36세,경상
1368,2019071100100633,2019년 7월 11일 23시,목요일,제주특별자치도 제주시 노형동,중상사고,0,1,0,0,차대사람 - 차도통행중,안전운전불이행,포장 - 건조,맑음,교차로 - 교차로안,승용,남,40세,상해없음,보행자,남,54세,중상
1369,2019071200100077,2019년 7월 12일 05시,금요일,제주특별자치도 제주시 연동,경상사고,0,0,1,0,차대사람 - 횡단중,보행자보호의무위반,포장 - 건조,맑음,교차로 - 교차로안,승용,여,39세,상해없음,보행자,여,76세,경상
1370,2019071200100202,2019년 7월 12일 09시,금요일,제주특별자치도 제주시 이도이동,중상사고,0,1,0,0,차대사람 - 횡단중,신호위반,포장 - 건조,맑음,교차로 - 교차로횡단보도내,승용,여,58세,상해없음,보행자,여,27세,중상
1371,2019071200100203,2019년 7월 12일 09시,금요일,제주특별자치도 제주시 애월읍,중상사고,0,1,0,0,차대사람 - 기타,보행자보호의무위반,포장 - 건조,맑음,교차로 - 교차로안,승용,남,78세,상해없음,보행자,여,71세,중상
1372,2019071200100568,2019년 7월 12일 18시,금요일,제주특별자치도 제주시 이도이동,경상사고,0,0,1,0,차대사람 - 횡단중,보행자보호의무위반,포장 - 건조,맑음,단일로 - 기타,승용,여,56세,상해없음,보행자,남,7세,경상
1373,2019071200100644,2019년 7월 12일 20시,금요일,제주특별자치도 제주시 노형동,경상사고,0,0,1,0,차대사람 - 횡단중,보행자보호의무위반,포장 - 젖음/습기,비,단일로 - 기타,승용,남,44세,상해없음,보행자,남,43세,경상
1374,2019071300100368,2019년 7월 13일 15시,토요일,제주특별자치도 제주시 한림읍,중상사고,0,1,0,0,차대사람 - 횡단중,안전운전불이행,포장 - 건조,맑음,단일로 - 기타,화물,남,39세,상해없음,보행자,여,80세,중상
1375,2019071400100083,2019년 7월 14일 05시,일요일,제주특별자치도 제주시 건입동,중상사고,0,1,0,0,차대사람 - 기타,안전운전불이행,포장 - 건조,맑음,교차로 - 교차로안,화물,남,57세,상해없음,보행자,남,75세,중상
1376,2019071400100237,2019년 7월 14일 13시,일요일,제주특별자치도 제주시 한림읍,경상사고,0,0,1,0,차대사람 - 기타,안전운전불이행,포장 - 건조,맑음,단일로 - 기타,화물,남,66세,상해없음,보행자,여,90세 이상,경상
1377,2019071600100206,2019년 7월 16일 11시,화요일,제주특별자치도 제주시 이도일동,부상신고사고,0,0,0,1,차대사람 - 기타,안전운전불이행,포장 - 건조,맑음,단일로 - 기타,기타불명,기타불명,미분류,기타불명,보행자,남,56세,부상신고
1378,2019071600100388,2019년 7월 16일 16시,화요일,제주특별자치도 제주시 일도일동,부상신고사고,0,0,0,1,차대사람 - 횡단중,보행자보호의무위반,포장 - 건조,맑음,단일로 - 기타,승용,남,28세,상해없음,보행자,남,70세,부상신고
1379,2019071600100498,2019년 7월 16일 18시,화요일,제주특별자치도 서귀포시 서호동,부상신고사고,0,0,0,1,차대사람 - 기타,안전운전불이행,포장 - 건조,맑음,단일로 - 기타,기타불명,기타불명,미분류,기타불명,보행자,여,7세,부상신고
1380,2019071600100567,2019년 7월 16일 20시,화요일,제주특별자치도 제주시 연동,경상사고,0,0,1,0,차대사람 - 횡단중,안전운전불이행,포장 - 건조,맑음,단일로 - 기타,승용,남,45세,상해없음,보행자,여,38세,경상
1381,2019071700100260,2019년 7월 17일 12시,수요일,제주특별자치도 서귀포시 남원읍,중상사고,0,1,0,0,차대사람 - 횡단중,보행자보호의무위반,포장 - 건조,맑음,단일로 - 기타,승합,남,23세,상해없음,보행자,여,51세,중상
1382,2019071700100511,2019년 7월 17일 18시,수요일,제주특별자치도 제주시 연동,경상사고,0,0,1,0,차대사람 - 보도통행중,안전운전불이행,포장 - 건조,맑음,단일로 - 기타,승용,남,34세,상해없음,보행자,남,12세,경상
1383,2019071700100569,2019년 7월 17일 20시,수요일,제주특별자치도 제주시 이도이동,경상사고,0,0,1,0,차대사람 - 횡단중,보행자보호의무위반,포장 - 젖음/습기,흐림,단일로 - 기타,승합,남,39세,상해없음,보행자,남,17세,경상
1384,2019071800100390,2019년 7월 18일 16시,목요일,제주특별자치도 제주시 애월읍,경상사고,0,0,1,0,차대사람 - 횡단중,보행자보호의무위반,포장 - 젖음/습기,비,단일로 - 기타,승용,남,68세,상해없음,보행자,남,5세,경상
1385,2019071800100601,2019년 7월 18일 22시,목요일,제주특별자치도 제주시 이도이동,경상사고,0,0,1,0,차대사람 - 기타,안전운전불이행,포장 - 젖음/습기,비,교차로 - 교차로횡단보도내,승용,여,50세,상해없음,보행자,여,30세,경상
1386,2019071900100248,2019년 7월 19일 10시,금요일,제주특별자치도 제주시 연동,경상사고,0,0,1,0,차대사람 - 횡단중,보행자보호의무위반,포장 - 젖음/습기,비,교차로 - 교차로횡단보도내,승용,여,45세,상해없음,보행자,남,77세,경상
1387,2019071900100249,2019년 7월 19일 10시,금요일,제주특별자치도 제주시 연동,경상사고,0,0,1,0,차대사람 - 기타,안전운전불이행,포장 - 젖음/습기,비,주차장 - 주차장,승용,남,65세,상해없음,보행자,남,36세,경상
1388,2019071900100325,2019년 7월 19일 12시,금요일,제주특별자치도 제주시 삼도일동,경상사고,0,0,1,0,차대사람 - 횡단중,중앙선침범,포장 - 젖음/습기,비,단일로 - 기타,화물,남,48세,상해없음,보행자,여,61세,경상
1389,2019071900100605,2019년 7월 19일 19시,금요일,제주특별자치도 제주시 연동,부상신고사고,0,0,0,1,차대사람 - 차도통행중,안전운전불이행,포장 - 젖음/습기,비,단일로 - 기타,승용,남,49세,상해없음,보행자,여,27세,부상신고
1390,2019072100100031,2019년 7월 21일 00시,일요일,제주특별자치도 제주시 연동,부상신고사고,0,0,0,1,차대사람 - 기타,안전운전불이행,포장 - 건조,맑음,단일로 - 기타,승용,남,42세,상해없음,보행자,남,18세,부상신고
1391,2019072100100053,2019년 7월 21일 01시,일요일,제주특별자치도 제주시 삼도이동,중상사고,0,1,0,0,차대사람 - 기타,안전운전불이행,포장 - 건조,흐림,단일로 - 기타,승용,남,68세,상해없음,보행자,여,40세,중상
1392,2019072100100175,2019년 7월 21일 10시,일요일,제주특별자치도 서귀포시 서귀동,중상사고,0,1,0,0,차대사람 - 기타,안전운전불이행,포장 - 건조,맑음,기타 - 기타,승용,남,41세,상해없음,보행자,여,3세,중상
1393,2019072100100219,2019년 7월 21일 12시,일요일,제주특별자치도 서귀포시 서귀동,경상사고,0,0,1,0,차대사람 - 횡단중,보행자보호의무위반,포장 - 건조,맑음,교차로 - 교차로횡단보도내,승용,남,57세,상해없음,보행자,여,11세,경상
1394,2019072100100327,2019년 7월 21일 16시,일요일,제주특별자치도 제주시 이도일동,경상사고,0,0,1,0,차대사람 - 기타,안전운전불이행,포장 - 건조,흐림,단일로 - 기타,승용,남,74세,상해없음,보행자,남,75세,경상
1395,2019072200100217,2019년 7월 22일 10시,월요일,제주특별자치도 제주시 한림읍,중상사고,0,1,0,0,차대사람 - 기타,안전운전불이행,포장 - 건조,맑음,단일로 - 기타,화물,남,56세,상해없음,보행자,여,75세,중상
1396,2019072300100174,2019년 7월 23일 09시,화요일,제주특별자치도 제주시 아라이동,중상사고,0,1,0,0,차대사람 - 기타,기타,포장 - 건조,맑음,단일로 - 기타,승용,여,24세,상해없음,보행자,여,51세,중상
1397,2019072300100207,2019년 7월 23일 10시,화요일,제주특별자치도 서귀포시 표선면,중상사고,0,1,0,0,차대사람 - 기타,안전운전불이행,포장 - 건조,맑음,단일로 - 기타,화물,남,24세,상해없음,보행자,남,19세,중상
1398,2019072300100274,2019년 7월 23일 12시,화요일,제주특별자치도 제주시 화북일동,경상사고,0,0,1,0,차대사람 - 기타,안전운전불이행,포장 - 건조,맑음,단일로 - 기타,승용,여,52세,상해없음,보행자,여,30세,경상
1399,2019072400100545,2019년 7월 24일 18시,수요일,제주특별자치도 서귀포시 서홍동,경상사고,0,0,1,0,차대사람 - 차도통행중,교차로운행방법위반,포장 - 건조,맑음,교차로 - 교차로안,승용,여,47세,상해없음,보행자,여,9세,경상
1400,2019072500100143,2019년 7월 25일 08시,목요일,제주특별자치도 서귀포시 도순동,부상신고사고,0,0,0,1,차대사람 - 기타,안전운전불이행,포장 - 건조,맑음,단일로 - 기타,승용,여,67세,상해없음,보행자,여,28세,부상신고
1401,2019072500100345,2019년 7월 25일 14시,목요일,제주특별자치도 제주시 화북이동,중상사고,0,1,0,0,차대사람 - 횡단중,보행자보호의무위반,포장 - 건조,맑음,교차로 - 교차로횡단보도내,승용,남,75세,상해없음,보행자,여,6세,중상
1402,2019072500100377,2019년 7월 25일 15시,목요일,제주특별자치도 제주시 일도일동,경상사고,0,0,1,0,차대사람 - 기타,보행자보호의무위반,포장 - 건조,맑음,교차로 - 교차로부근,승용,남,57세,상해없음,보행자,남,9세,경상
1403,2019072500100528,2019년 7월 25일 19시,목요일,제주특별자치도 제주시 외도일동,경상사고,0,0,1,0,차대사람 - 기타,안전운전불이행,포장 - 건조,맑음,단일로 - 기타,승용,여,51세,상해없음,보행자,남,58세,경상
1404,2019072600100133,2019년 7월 26일 08시,금요일,제주특별자치도 서귀포시 성산읍,부상신고사고,0,0,0,1,차대사람 - 기타,안전운전불이행,포장 - 기타,기타,기타 - 기타,기타불명,기타불명,미분류,기타불명,보행자,남,71세,부상신고
1405,2019072600100190,2019년 7월 26일 10시,금요일,제주특별자치도 제주시 이도일동,중상사고,0,1,0,0,차대사람 - 횡단중,안전운전불이행,포장 - 건조,맑음,기타 - 기타,승용,여,48세,상해없음,보행자,여,71세,중상
1406,2019072600100478,2019년 7월 26일 18시,금요일,제주특별자치도 제주시 노형동,경상사고,0,0,1,0,차대사람 - 차도통행중,안전운전불이행,포장 - 건조,맑음,단일로 - 기타,승용,남,26세,상해없음,보행자,남,11세,경상
1407,2019072700100399,2019년 7월 27일 15시,토요일,제주특별자치도 제주시 이도이동,경상사고,0,0,1,0,차대사람 - 횡단중,안전운전불이행,포장 - 젖음/습기,비,단일로 - 기타,승용,남,51세,상해없음,보행자,남,30세,경상
1408,2019072700100506,2019년 7월 27일 18시,토요일,제주특별자치도 제주시 노형동,중상사고,0,1,0,0,차대사람 - 횡단중,보행자보호의무위반,포장 - 건조,맑음,교차로 - 교차로안,화물,남,21세,상해없음,보행자,남,22세,중상
1409,2019072800100148,2019년 7월 28일 11시,일요일,제주특별자치도 제주시 화북일동,중상사고,0,1,0,0,차대사람 - 기타,기타,포장 - 건조,맑음,단일로 - 기타,화물,여,48세,상해없음,보행자,여,83세,중상
1410,2019072800100219,2019년 7월 28일 14시,일요일,제주특별자치도 제주시 이도이동,경상사고,0,0,1,0,차대사람 - 횡단중,신호위반,포장 - 건조,맑음,단일로 - 기타,이륜,남,23세,상해없음,보행자,여,54세,경상
1411,2019072800100248,2019년 7월 28일 15시,일요일,제주특별자치도 서귀포시 상효동,중상사고,0,1,0,0,차대사람 - 기타,안전운전불이행,포장 - 건조,맑음,단일로 - 기타,승합,남,50세,상해없음,보행자,남,42세,중상
1412,2019072800100324,2019년 7월 28일 18시,일요일,제주특별자치도 제주시 노형동,부상신고사고,0,0,0,1,차대사람 - 기타,안전운전불이행,포장 - 건조,맑음,단일로 - 기타,승용,남,65세,상해없음,보행자,여,30세,부상신고
1413,2019072800100353,2019년 7월 28일 19시,일요일,제주특별자치도 제주시 애월읍,중상사고,0,1,0,0,차대사람 - 기타,안전운전불이행,포장 - 건조,맑음,단일로 - 기타,승용,여,47세,상해없음,보행자,남,47세,중상
1414,2019072900100059,2019년 7월 29일 04시,월요일,제주특별자치도 제주시 일도이동,경상사고,0,0,1,0,차대사람 - 기타,안전운전불이행,포장 - 건조,맑음,단일로 - 기타,승용,남,69세,상해없음,보행자,남,24세,경상
1415,2019072900100123,2019년 7월 29일 08시,월요일,제주특별자치도 제주시 이도이동,중상사고,0,1,0,0,차대사람 - 기타,기타,포장 - 건조,맑음,단일로 - 기타,화물,남,52세,상해없음,보행자,여,71세,중상
1416,2019072900100338,2019년 7월 29일 14시,월요일,제주특별자치도 제주시 일도이동,경상사고,0,0,1,0,차대사람 - 횡단중,보행자보호의무위반,포장 - 건조,맑음,단일로 - 기타,승용,여,31세,상해없음,보행자,남,7세,경상
1417,2019072900100535,2019년 7월 29일 18시,월요일,제주특별자치도 제주시 용담이동,부상신고사고,0,0,0,1,차대사람 - 기타,기타,포장 - 건조,맑음,단일로 - 기타,승용,남,64세,상해없음,보행자,남,30세,부상신고
1418,2019072900100636,2019년 7월 29일 21시,월요일,제주특별자치도 제주시 연동,중상사고,0,1,0,1,차대사람 - 횡단중,안전운전불이행,포장 - 건조,맑음,단일로 - 기타,이륜,남,67세,중상,보행자,남,54세,부상신고
1419,2019073000100676,2019년 7월 30일 23시,화요일,제주특별자치도 서귀포시 법환동,부상신고사고,0,0,0,1,차대사람 - 기타,안전운전불이행,포장 - 건조,맑음,기타 - 기타,승용,여,21세,상해없음,보행자,남,40세,부상신고
1420,2019073100100202,2019년 7월 31일 10시,수요일,제주특별자치도 제주시 조천읍,중상사고,0,1,0,0,차대사람 - 횡단중,보행자보호의무위반,포장 - 건조,맑음,교차로 - 교차로횡단보도내,승용,남,66세,상해없음,보행자,여,59세,중상
1421,2019073100100203,2019년 7월 31일 10시,수요일,제주특별자치도 제주시 도남동,중상사고,0,1,0,0,차대사람 - 횡단중,안전운전불이행,포장 - 건조,맑음,단일로 - 기타,승용,남,69세,상해없음,보행자,여,74세,중상
1422,2019073100100578,2019년 7월 31일 20시,수요일,제주특별자치도 제주시 용담이동,경상사고,0,0,1,0,차대사람 - 기타,안전운전불이행,포장 - 건조,맑음,교차로 - 교차로부근,승용,남,24세,상해없음,보행자,남,77세,경상
1423,2019080100100217,2019년 8월 1일 10시,목요일,제주특별자치도 서귀포시 서홍동,중상사고,0,1,0,0,차대사람 - 횡단중,보행자보호의무위반,포장 - 건조,맑음,교차로 - 교차로횡단보도내,승용,남,71세,상해없음,보행자,여,76세,중상
1424,2019080100100293,2019년 8월 1일 12시,목요일,제주특별자치도 제주시 우도면,경상사고,0,0,1,0,차대사람 - 기타,안전운전불이행,포장 - 건조,맑음,단일로 - 기타,승용,남,61세,상해없음,보행자,남,7세,경상
1425,2019080200100617,2019년 8월 2일 20시,금요일,제주특별자치도 제주시 노형동,경상사고,0,0,1,0,차대사람 - 기타,안전운전불이행,포장 - 건조,맑음,기타 - 기타,원동기,남,19세,상해없음,보행자,여,9세,경상
1426,2019080400100490,2019년 8월 4일 21시,일요일,제주특별자치도 서귀포시 서홍동,경상사고,0,0,1,0,차대사람 - 기타,안전운전불이행,포장 - 건조,맑음,단일로 - 기타,화물,남,60세,상해없음,보행자,남,60세,경상
1427,2019080500100411,2019년 8월 5일 15시,월요일,제주특별자치도 제주시 삼도이동,사망사고,1,0,0,0,차대사람 - 횡단중,보행자보호의무위반,포장 - 건조,맑음,단일로 - 기타,승용,여,47세,상해없음,보행자,여,73세,사망
1428,2019080500100496,2019년 8월 5일 17시,월요일,제주특별자치도 제주시 용담일동,경상사고,0,0,1,0,차대사람 - 횡단중,보행자보호의무위반,포장 - 건조,맑음,교차로 - 교차로횡단보도내,승용,여,34세,상해없음,보행자,여,20세,경상
1429,2019080600100205,2019년 8월 6일 10시,화요일,제주특별자치도 제주시 이도이동,경상사고,0,0,1,0,차대사람 - 기타,안전운전불이행,포장 - 건조,맑음,단일로 - 기타,승용,남,45세,상해없음,보행자,남,6세,경상
1430,2019080600100428,2019년 8월 6일 16시,화요일,제주특별자치도 서귀포시 서귀동,중상사고,0,1,0,0,차대사람 - 차도통행중,안전운전불이행,포장 - 건조,맑음,단일로 - 기타,승용,여,62세,상해없음,보행자,여,77세,중상
1431,2019080700100320,2019년 8월 7일 13시,수요일,제주특별자치도 제주시 용담일동,경상사고,0,0,1,0,차대사람 - 횡단중,보행자보호의무위반,포장 - 건조,맑음,교차로 - 교차로횡단보도내,승용,남,39세,상해없음,보행자,남,67세,경상
1432,2019080800100511,2019년 8월 8일 18시,목요일,제주특별자치도 제주시 애월읍,경상사고,0,0,1,0,차대사람 - 횡단중,보행자보호의무위반,포장 - 건조,맑음,교차로 - 교차로횡단보도내,승용,남,50세,상해없음,보행자,남,25세,경상
1433,2019080900100360,2019년 8월 9일 13시,금요일,제주특별자치도 서귀포시 성산읍,경상사고,0,0,1,0,차대사람 - 기타,안전운전불이행,포장 - 건조,맑음,기타 - 기타,승용,남,18세,상해없음,보행자,여,59세,경상
1434,2019081000100205,2019년 8월 10일 09시,토요일,제주특별자치도 서귀포시 서귀동,부상신고사고,0,0,0,1,차대사람 - 기타,안전운전불이행,포장 - 건조,맑음,교차로 - 교차로횡단보도내,기타불명,기타불명,미분류,기타불명,보행자,여,77세,부상신고
1435,2019081100100315,2019년 8월 11일 16시,일요일,제주특별자치도 제주시 용담이동,경상사고,0,0,1,0,차대사람 - 기타,기타,포장 - 건조,맑음,단일로 - 기타,승합,남,26세,상해없음,보행자,남,36세,경상
1436,2019081100100516,2019년 8월 11일 23시,일요일,제주특별자치도 제주시 이도일동,경상사고,0,0,1,0,차대사람 - 횡단중,안전운전불이행,포장 - 젖음/습기,비,단일로 - 기타,승용,남,24세,상해없음,보행자,여,47세,경상
1437,2019081200100123,2019년 8월 12일 07시,월요일,제주특별자치도 제주시 이도이동,경상사고,0,0,1,0,차대사람 - 횡단중,신호위반,포장 - 건조,맑음,단일로 - 기타,승용,여,46세,상해없음,보행자,여,61세,경상
1438,2019081200100586,2019년 8월 12일 18시,월요일,제주특별자치도 제주시 용담일동,경상사고,0,0,1,0,차대사람 - 기타,안전운전불이행,포장 - 건조,맑음,단일로 - 기타,승용,남,28세,상해없음,보행자,여,25세,경상
1439,2019081200100726,2019년 8월 12일 23시,월요일,제주특별자치도 제주시 애월읍,경상사고,0,0,1,0,차대사람 - 기타,안전운전불이행,포장 - 건조,기타,단일로 - 기타,승용,여,33세,상해없음,보행자,남,27세,경상
1440,2019081300100492,2019년 8월 13일 17시,화요일,제주특별자치도 제주시 일도이동,경상사고,0,0,1,0,차대사람 - 기타,안전운전불이행,포장 - 건조,맑음,단일로 - 기타,승용,여,79세,상해없음,보행자,남,19세,경상
1441,2019081300100533,2019년 8월 13일 18시,화요일,제주특별자치도 제주시 일도이동,중상사고,0,1,0,0,차대사람 - 횡단중,보행자보호의무위반,포장 - 건조,맑음,단일로 - 기타,승용,여,63세,상해없음,보행자,남,7세,중상
1442,2019081300100691,2019년 8월 13일 22시,화요일,제주특별자치도 서귀포시 표선면,부상신고사고,0,0,0,1,차대사람 - 기타,안전운전불이행,포장 - 기타,맑음,단일로 - 기타,승용,남,30세,기타불명,보행자,남,45세,부상신고
1443,2019081400100221,2019년 8월 14일 09시,수요일,제주특별자치도 제주시 일도이동,중상사고,0,1,0,0,차대사람 - 기타,안전운전불이행,포장 - 건조,맑음,교차로 - 교차로안,화물,남,37세,상해없음,보행자,여,86세,중상
1444,2019081400100337,2019년 8월 14일 12시,수요일,제주특별자치도 제주시 오라일동,부상신고사고,0,0,0,1,차대사람 - 기타,안전운전불이행,포장 - 건조,맑음,단일로 - 기타,승용,남,53세,상해없음,보행자,여,5세,부상신고