,사고번호,사고일시,요일,시군구,사고내용,사망자수,중상자수,경상자수,부상신고자수,사고유형,법규위반,노면상태,기상상태,도로형태,가해운전자 차종,가해운전자 성별,가해운전자 연령,가해운전자 상해정도,피해운전자 차종,피해운전자 성별,피해운전자 연령,피해운전자 상해정도
507,2021100400100323,2021년 10월 4일 17시,월요일,제주특별자치도 제주시 우도면,중상사고,0,1,0,0,차대사람 - 기타,안전운전불이행,포장 - 건조,맑음,교차로 - 교차로안,승용,남,56세,상해없음,보행자,남,4세,중상
508,2021100500100199,2021년 10월 5일 11시,화요일,제주특별자치도 제주시 구좌읍,경상사고,0,0,1,0,차대사람 - 기타,안전운전불이행,포장 - 건조,맑음,단일로 - 기타,승용,남,71세,상해없음,보행자,여,76세,경상
509,2021100500100237,2021년 10월 5일 12시,화요일,제주특별자치도 제주시 한경면,경상사고,0,0,1,0,차대사람 - 횡단중,보행자보호의무위반,포장 - 건조,맑음,단일로 - 기타,화물,남,38세,상해없음,보행자,여,71세,경상
510,2021100500100364,2021년 10월 5일 15시,화요일,제주특별자치도 제주시 이도이동,경상사고,0,0,1,0,차대사람 - 기타,안전운전불이행,포장 - 건조,맑음,교차로 - 교차로부근,승합,남,30세,상해없음,보행자,여,13세,경상
511,2021100500100636,2021년 10월 5일 22시,화요일,제주특별자치도 제주시 삼도일동,중상사고,0,1,0,0,차대사람 - 보도통행중,보행자보호의무위반,포장 - 건조,맑음,단일로 - 기타,기타불명,기타불명,미분류,기타불명,보행자,여,57세,중상
512,2021100600100108,2021년 10월 6일 08시,수요일,제주특별자치도 제주시 건입동,경상사고,0,0,1,0,차대사람 - 횡단중,신호위반,포장 - 건조,맑음,기타 - 기타,승용,여,61세,상해없음,보행자,여,12세,경상
513,2021100600100201,2021년 10월 6일 11시,수요일,제주특별자치도 서귀포시 서귀동,경상사고,0,0,1,0,차대사람 - 횡단중,보행자보호의무위반,포장 - 건조,맑음,단일로 - 기타,승용,남,30세,상해없음,보행자,여,61세,경상
514,2021100600100268,2021년 10월 6일 13시,수요일,제주특별자치도 서귀포시 대정읍,중상사고,0,1,0,0,차대사람 - 횡단중,안전운전불이행,포장 - 건조,맑음,단일로 - 기타,화물,남,78세,상해없음,보행자,남,45세,중상
515,2021100600100589,2021년 10월 6일 22시,수요일,제주특별자치도 서귀포시 표선면,중상사고,0,1,0,0,차대사람 - 횡단중,안전운전불이행,포장 - 건조,맑음,단일로 - 기타,화물,남,58세,상해없음,보행자,남,59세,중상
516,2021100700100024,2021년 10월 7일 05시,목요일,제주특별자치도 제주시 일도이동,경상사고,0,0,1,0,차대사람 - 횡단중,보행자보호의무위반,포장 - 건조,맑음,교차로 - 교차로횡단보도내,승용,남,72세,상해없음,보행자,남,52세,경상
517,2021100700100235,2021년 10월 7일 12시,목요일,제주특별자치도 제주시 외도일동,경상사고,0,0,1,0,차대사람 - 기타,안전운전불이행,포장 - 건조,맑음,단일로 - 기타,승합,남,58세,상해없음,보행자,여,36세,경상
518,2021100700100512,2021년 10월 7일 19시,목요일,제주특별자치도 서귀포시 서귀동,경상사고,0,0,1,0,차대사람 - 기타,안전운전불이행,포장 - 건조,기타,단일로 - 기타,승합,남,58세,상해없음,보행자,여,61세,경상
519,2021100800100271,2021년 10월 8일 13시,금요일,제주특별자치도 제주시 노형동,경상사고,0,0,1,0,차대사람 - 기타,보행자보호의무위반,포장 - 건조,맑음,단일로 - 기타,승용,남,37세,상해없음,보행자,남,22세,경상
520,2021100800100683,2021년 10월 8일 22시,금요일,제주특별자치도 제주시 이도이동,경상사고,0,0,1,0,차대사람 - 기타,안전운전불이행,포장 - 건조,맑음,교차로 - 교차로안,승용,남,39세,상해없음,보행자,남,48세,경상
521,2021100800100684,2021년 10월 8일 22시,금요일,제주특별자치도 서귀포시 남원읍,사망사고,1,0,0,0,차대사람 - 기타,과속,포장 - 건조,기타,단일로 - 기타,승용,남,39세,상해없음,보행자,남,39세,사망
522,2021100900100239,2021년 10월 9일 14시,토요일,제주특별자치도 제주시 연동,경상사고,0,0,1,0,차대사람 - 기타,안전운전불이행,포장 - 건조,맑음,기타 - 기타,승용,남,63세,기타불명,보행자,여,19세,경상
523,2021100900100449,2021년 10월 9일 19시,토요일,제주특별자치도 제주시 건입동,경상사고,0,0,1,0,차대사람 - 길가장자리구역통행중,안전운전불이행,포장 - 건조,맑음,단일로 - 기타,승용,남,63세,상해없음,보행자,남,56세,경상
524,2021101000100408,2021년 10월 10일 19시,일요일,제주특별자치도 제주시 이도이동,중상사고,0,1,0,0,차대사람 - 기타,안전운전불이행,포장 - 건조,맑음,단일로 - 기타,승용,남,53세,상해없음,보행자,여,38세,중상
525,2021101100100070,2021년 10월 11일 08시,월요일,제주특별자치도 제주시 용담이동,경상사고,0,0,1,0,차대사람 - 기타,안전운전불이행,포장 - 건조,맑음,단일로 - 기타,승용,남,70세,상해없음,보행자,여,38세,경상
526,2021101200100179,2021년 10월 12일 10시,화요일,제주특별자치도 서귀포시 서귀동,경상사고,0,0,1,0,차대사람 - 횡단중,보행자보호의무위반,포장 - 건조,맑음,단일로 - 기타,승용,여,24세,상해없음,보행자,남,70세,경상
527,2021101200100352,2021년 10월 12일 16시,화요일,제주특별자치도 제주시 연동,경상사고,0,0,1,0,차대사람 - 차도통행중,안전운전불이행,포장 - 젖음/습기,비,단일로 - 기타,승용,여,64세,상해없음,보행자,여,67세,경상
528,2021101300100037,2021년 10월 13일 06시,수요일,제주특별자치도 제주시 건입동,경상사고,0,0,1,0,차대사람 - 횡단중,보행자보호의무위반,포장 - 건조,흐림,교차로 - 교차로횡단보도내,승용,여,66세,상해없음,보행자,여,63세,경상
529,2021101300100377,2021년 10월 13일 16시,수요일,제주특별자치도 제주시 조천읍,경상사고,0,0,1,0,차대사람 - 기타,안전운전불이행,포장 - 건조,맑음,기타 - 기타,승용,여,33세,상해없음,보행자,여,7세,경상
530,2021101300100524,2021년 10월 13일 19시,수요일,제주특별자치도 제주시 일도일동,중상사고,0,1,0,0,차대사람 - 보도통행중,보행자보호의무위반,포장 - 건조,맑음,단일로 - 기타,승용,남,36세,상해없음,보행자,여,58세,중상
531,2021101300100586,2021년 10월 13일 21시,수요일,제주특별자치도 제주시 이도이동,중상사고,0,1,0,0,차대사람 - 기타,안전운전불이행,포장 - 건조,흐림,단일로 - 기타,승용,남,60세,상해없음,보행자,남,51세,중상
532,2021101300100587,2021년 10월 13일 21시,수요일,제주특별자치도 서귀포시 서귀동,중상사고,0,1,0,0,차대사람 - 횡단중,보행자보호의무위반,포장 - 건조,맑음,단일로 - 기타,승용,남,81세,상해없음,보행자,남,69세,중상
533,2021101400100460,2021년 10월 14일 17시,목요일,제주특별자치도 제주시 외도일동,경상사고,0,0,1,0,차대사람 - 기타,안전운전불이행,포장 - 건조,맑음,단일로 - 기타,승용,여,35세,상해없음,보행자,여,11세,경상
534,2021101400100515,2021년 10월 14일 18시,목요일,제주특별자치도 제주시 애월읍,중상사고,0,1,0,0,차대사람 - 차도통행중,안전운전불이행,포장 - 건조,맑음,단일로 - 기타,승용,남,24세,상해없음,보행자,여,55세,중상
535,2021101400100557,2021년 10월 14일 19시,목요일,제주특별자치도 제주시 일도이동,중상사고,0,2,0,0,차대사람 - 차도통행중,보행자보호의무위반,포장 - 건조,맑음,교차로 - 교차로안,승용,남,47세,상해없음,보행자,남,30세,중상
536,2021101500100010,2021년 10월 15일 01시,금요일,제주특별자치도 제주시 한경면,경상사고,0,0,1,0,차대사람 - 기타,안전운전불이행,포장 - 건조,맑음,단일로 - 기타,기타불명,기타불명,미분류,기타불명,보행자,여,56세,경상
537,2021101500100023,2021년 10월 15일 05시,금요일,제주특별자치도 제주시 일도이동,경상사고,0,0,1,0,차대사람 - 횡단중,신호위반,포장 - 건조,맑음,기타 - 기타,승용,남,60세,상해없음,보행자,여,48세,경상
538,2021101500100052,2021년 10월 15일 07시,금요일,제주특별자치도 제주시 아라일동,경상사고,0,0,1,0,차대사람 - 기타,보행자보호의무위반,포장 - 건조,맑음,교차로 - 교차로횡단보도내,승합,남,69세,상해없음,보행자,여,16세,경상
539,2021101500100221,2021년 10월 15일 11시,금요일,제주특별자치도 제주시 애월읍,중상사고,0,1,0,0,차대사람 - 차도통행중,안전운전불이행,포장 - 건조,맑음,단일로 - 기타,승용,여,50세,상해없음,보행자,여,69세,중상
540,2021101500100258,2021년 10월 15일 12시,금요일,제주특별자치도 제주시 연동,중상사고,0,1,0,0,차대사람 - 기타,안전운전불이행,포장 - 건조,맑음,기타 - 기타,화물,여,51세,상해없음,보행자,여,27세,중상
541,2021101500100282,2021년 10월 15일 13시,금요일,제주특별자치도 제주시 건입동,중상사고,0,1,0,0,차대사람 - 차도통행중,안전운전불이행,포장 - 건조,맑음,교차로 - 교차로부근,승용,여,48세,상해없음,보행자,여,75세,중상
542,2021101500100283,2021년 10월 15일 13시,금요일,제주특별자치도 서귀포시 동홍동,중상사고,0,1,0,0,차대사람 - 기타,보행자보호의무위반,포장 - 건조,맑음,교차로 - 교차로횡단보도내,승용,남,66세,상해없음,보행자,여,38세,중상
543,2021101600100410,2021년 10월 16일 18시,토요일,제주특별자치도 제주시 연동,경상사고,0,0,1,0,차대사람 - 기타,기타,포장 - 건조,맑음,주차장 - 주차장,승용,남,31세,상해없음,보행자,남,49세,경상
544,2021101700100070,2021년 10월 17일 09시,일요일,제주특별자치도 서귀포시 표선면,부상신고사고,0,0,0,1,차대사람 - 기타,안전운전불이행,포장 - 건조,맑음,기타 - 기타,승용,남,19세,상해없음,보행자,남,10세,부상신고
545,2021101800100207,2021년 10월 18일 10시,월요일,제주특별자치도 제주시 용담이동,사망사고,1,0,0,0,차대사람 - 횡단중,신호위반,포장 - 건조,맑음,교차로 - 교차로횡단보도내,승용,남,26세,상해없음,보행자,여,72세,사망
546,2021101800100351,2021년 10월 18일 14시,월요일,제주특별자치도 서귀포시 남원읍,부상신고사고,0,0,0,1,차대사람 - 차도통행중,안전운전불이행,포장 - 건조,맑음,교차로 - 교차로안,승용,여,64세,상해없음,보행자,남,55세,부상신고
547,2021101900100193,2021년 10월 19일 12시,화요일,제주특별자치도 제주시 노형동,중상사고,0,1,0,0,차대사람 - 횡단중,보행자보호의무위반,포장 - 건조,맑음,교차로 - 교차로횡단보도내,승용,여,44세,상해없음,보행자,여,60세,중상
548,2021101900100261,2021년 10월 19일 14시,화요일,제주특별자치도 제주시 도남동,중상사고,0,1,0,0,차대사람 - 기타,안전운전불이행,포장 - 건조,맑음,교차로 - 교차로안,화물,남,30세,상해없음,보행자,여,85세,중상
549,2021101900100337,2021년 10월 19일 16시,화요일,제주특별자치도 서귀포시 안덕면,경상사고,0,0,1,0,차대사람 - 보도통행중,보행자보호의무위반,포장 - 건조,맑음,교차로 - 교차로횡단보도내,승용,남,72세,상해없음,보행자,여,78세,경상
550,2021101900100435,2021년 10월 19일 18시,화요일,제주특별자치도 제주시 아라일동,경상사고,0,0,1,0,차대사람 - 기타,안전운전불이행,포장 - 건조,맑음,단일로 - 기타,이륜,남,40세,상해없음,보행자,여,46세,경상
551,2021101900100436,2021년 10월 19일 18시,화요일,제주특별자치도 제주시 일도일동,경상사고,0,0,1,0,차대사람 - 기타,기타,포장 - 건조,맑음,단일로 - 기타,승합,남,51세,상해없음,보행자,여,27세,경상
552,2021102000100114,2021년 10월 20일 09시,수요일,제주특별자치도 제주시 노형동,경상사고,0,0,1,0,차대사람 - 횡단중,보행자보호의무위반,포장 - 건조,흐림,교차로 - 교차로횡단보도내,승용,여,36세,상해없음,보행자,남,40세,경상
553,2021102000100421,2021년 10월 20일 17시,수요일,제주특별자치도 제주시 삼도이동,경상사고,0,0,1,0,차대사람 - 횡단중,보행자보호의무위반,포장 - 건조,맑음,단일로 - 기타,화물,남,31세,상해없음,보행자,여,미분류,경상
554,2021102000100422,2021년 10월 20일 17시,수요일,제주특별자치도 서귀포시 동홍동,중상사고,0,1,0,0,차대사람 - 횡단중,보행자보호의무위반,포장 - 건조,맑음,교차로 - 교차로횡단보도내,화물,남,54세,상해없음,보행자,여,49세,중상
555,2021102100100322,2021년 10월 21일 15시,목요일,제주특별자치도 서귀포시 성산읍,중상사고,0,1,0,0,차대사람 - 기타,안전운전불이행,포장 - 건조,맑음,단일로 - 기타,화물,여,48세,상해없음,보행자,여,69세,중상
556,2021102200100045,2021년 10월 22일 06시,금요일,제주특별자치도 제주시 이도일동,경상사고,0,0,1,0,차대사람 - 기타,안전운전불이행,포장 - 건조,맑음,교차로 - 교차로부근,화물,남,59세,상해없음,보행자,남,25세,경상
557,2021102300100220,2021년 10월 23일 12시,토요일,제주특별자치도 서귀포시 성산읍,경상사고,0,0,1,1,차대사람 - 길가장자리구역통행중,안전운전불이행,포장 - 건조,맑음,단일로 - 기타,이륜,여,80세,부상신고,보행자,여,70세,경상
558,2021102300100440,2021년 10월 23일 17시,토요일,제주특별자치도 제주시 한경면,중상사고,0,1,0,0,차대사람 - 차도통행중,안전운전불이행,포장 - 건조,맑음,단일로 - 기타,승용,남,48세,상해없음,보행자,남,35세,중상
559,2021102300100528,2021년 10월 23일 19시,토요일,제주특별자치도 제주시 봉개동,경상사고,0,0,1,0,차대사람 - 횡단중,보행자보호의무위반,포장 - 건조,맑음,단일로 - 기타,승용,남,53세,상해없음,보행자,남,16세,경상
560,2021102400100207,2021년 10월 24일 13시,일요일,제주특별자치도 제주시 건입동,경상사고,0,0,1,0,차대사람 - 기타,안전운전불이행,포장 - 건조,맑음,교차로 - 교차로부근,승용,여,45세,상해없음,보행자,여,16세,경상
561,2021102500100452,2021년 10월 25일 17시,월요일,제주특별자치도 제주시 삼도일동,경상사고,0,0,1,0,차대사람 - 횡단중,안전운전불이행,포장 - 건조,맑음,단일로 - 기타,화물,남,54세,상해없음,보행자,남,17세,경상
562,2021102500100453,2021년 10월 25일 17시,월요일,제주특별자치도 제주시 연동,경상사고,0,0,1,0,차대사람 - 기타,보행자보호의무위반,포장 - 건조,맑음,교차로 - 교차로안,승용,여,52세,상해없음,보행자,여,10세,경상
563,2021102500100623,2021년 10월 25일 21시,월요일,제주특별자치도 제주시 오라삼동,중상사고,0,1,0,0,차대사람 - 기타,신호위반,포장 - 건조,맑음,교차로 - 교차로안,승용,남,43세,상해없음,보행자,남,55세,중상
564,2021102500100642,2021년 10월 25일 22시,월요일,제주특별자치도 서귀포시 동홍동,중상사고,0,1,0,0,차대사람 - 기타,기타,포장 - 건조,맑음,교차로 - 교차로안,승용,남,54세,상해없음,보행자,남,51세,중상
565,2021102600100193,2021년 10월 26일 11시,화요일,제주특별자치도 서귀포시 월평동,중상사고,0,1,0,0,차대사람 - 횡단중,과속,포장 - 건조,맑음,교차로 - 교차로안,승용,여,68세,상해없음,보행자,여,86세,중상
566,2021102600100194,2021년 10월 26일 11시,화요일,제주특별자치도 제주시 노형동,중상사고,0,1,0,0,차대사람 - 보도통행중,보행자보호의무위반,포장 - 건조,맑음,단일로 - 기타,승용,여,27세,상해없음,보행자,남,67세,중상
567,2021102600100375,2021년 10월 26일 16시,화요일,제주특별자치도 제주시 한림읍,경상사고,0,0,1,0,차대사람 - 차도통행중,안전운전불이행,포장 - 건조,맑음,단일로 - 기타,승용,남,41세,상해없음,보행자,여,37세,경상
568,2021102700100062,2021년 10월 27일 07시,수요일,제주특별자치도 서귀포시 성산읍,경상사고,0,0,1,0,차대사람 - 횡단중,안전운전불이행,포장 - 건조,맑음,교차로 - 교차로안,승용,남,59세,상해없음,보행자,여,60세,경상
569,2021102700100119,2021년 10월 27일 09시,수요일,제주특별자치도 제주시 연동,중상사고,0,1,0,0,차대사람 - 횡단중,안전운전불이행,포장 - 건조,맑음,단일로 - 기타,승용,남,45세,상해없음,보행자,여,52세,중상
570,2021102700100201,2021년 10월 27일 12시,수요일,제주특별자치도 서귀포시 서귀동,경상사고,0,0,1,0,차대사람 - 기타,보행자보호의무위반,포장 - 건조,맑음,교차로 - 교차로횡단보도내,승용,여,27세,상해없음,보행자,남,56세,경상
571,2021102700100358,2021년 10월 27일 16시,수요일,제주특별자치도 제주시 연동,경상사고,0,0,1,0,차대사람 - 기타,안전운전불이행,포장 - 건조,맑음,단일로 - 기타,승용,여,30세,상해없음,보행자,여,24세,경상
572,2021102700100458,2021년 10월 27일 18시,수요일,제주특별자치도 서귀포시 서귀동,부상신고사고,0,0,0,1,차대사람 - 보도통행중,안전운전불이행,포장 - 건조,맑음,기타 - 기타,개인형이동수단(PM),남,미분류,상해없음,보행자,여,51세,부상신고
573,2021102700100459,2021년 10월 27일 18시,수요일,제주특별자치도 서귀포시 서귀동,중상사고,0,1,0,0,차대사람 - 횡단중,보행자보호의무위반,포장 - 건조,기타,교차로 - 교차로횡단보도내,승용,남,68세,상해없음,보행자,남,67세,중상
574,2021102900100003,2021년 10월 29일 00시,금요일,제주특별자치도 제주시 노형동,중상사고,0,1,0,0,차대사람 - 횡단중,안전운전불이행,포장 - 건조,맑음,단일로 - 기타,승용,남,37세,상해없음,보행자,남,50세,중상
575,2021102900100233,2021년 10월 29일 12시,금요일,제주특별자치도 제주시 이도일동,중상사고,0,1,0,0,차대사람 - 횡단중,안전운전불이행,포장 - 건조,맑음,단일로 - 기타,승용,남,56세,상해없음,보행자,여,77세,중상
576,2021102900100395,2021년 10월 29일 16시,금요일,제주특별자치도 제주시 노형동,경상사고,0,0,1,0,차대사람 - 길가장자리구역통행중,안전운전불이행,포장 - 건조,맑음,단일로 - 기타,승용,여,43세,상해없음,보행자,여,60세,경상
577,2021102900100683,2021년 10월 29일 23시,금요일,제주특별자치도 제주시 연동,경상사고,0,0,1,0,차대사람 - 기타,불법유턴,포장 - 건조,맑음,기타 - 기타,승용,남,38세,상해없음,보행자,여,41세,경상
578,2021103000100269,2021년 10월 30일 14시,토요일,제주특별자치도 제주시 도두일동,경상사고,0,0,1,0,차대사람 - 횡단중,보행자보호의무위반,포장 - 건조,맑음,교차로 - 교차로횡단보도내,승용,여,62세,상해없음,보행자,여,57세,경상
579,2021103000100422,2021년 10월 30일 18시,토요일,제주특별자치도 제주시 구좌읍,중상사고,0,1,0,0,차대사람 - 기타,안전운전불이행,포장 - 건조,맑음,교차로 - 교차로부근,승용,남,54세,상해없음,보행자,여,76세,중상
580,2021103000100424,2021년 10월 30일 18시,토요일,제주특별자치도 제주시 연동,중상사고,0,1,0,0,차대사람 - 차도통행중,기타,포장 - 건조,맑음,단일로 - 기타,승용,여,21세,상해없음,보행자,여,39세,중상
581,2021110100100168,2021년 11월 1일 10시,월요일,제주특별자치도 제주시 노형동,경상사고,0,0,1,0,차대사람 - 기타,안전운전불이행,포장 - 건조,맑음,단일로 - 기타,승용,남,63세,상해없음,보행자,남,62세,경상
582,2021110100100205,2021년 11월 1일 11시,월요일,제주특별자치도 제주시 조천읍,중상사고,0,1,0,0,차대사람 - 횡단중,안전운전불이행,포장 - 건조,맑음,단일로 - 기타,승용,여,49세,상해없음,보행자,여,87세,중상
583,2021110200100155,2021년 11월 2일 09시,화요일,제주특별자치도 제주시 연동,경상사고,0,0,1,0,차대사람 - 길가장자리구역통행중,기타,포장 - 건조,맑음,기타 - 기타,승합,남,62세,상해없음,보행자,여,55세,경상
584,2021110200100182,2021년 11월 2일 10시,화요일,제주특별자치도 제주시 구좌읍,경상사고,0,0,1,0,차대사람 - 횡단중,보행자보호의무위반,포장 - 건조,맑음,단일로 - 기타,승용,남,28세,상해없음,보행자,여,42세,경상
585,2021110200100239,2021년 11월 2일 12시,화요일,제주특별자치도 제주시 구좌읍,중상사고,0,1,0,0,차대사람 - 차도통행중,안전운전불이행,포장 - 건조,맑음,단일로 - 기타,승용,여,44세,상해없음,보행자,여,43세,중상
586,2021110300100007,2021년 11월 3일 00시,수요일,제주특별자치도 제주시 애월읍,사망사고,1,0,0,0,차대사람 - 횡단중,안전운전불이행,포장 - 건조,맑음,교차로 - 교차로안,승용,남,53세,상해없음,보행자,남,58세,사망
587,2021110400100008,2021년 11월 4일 00시,목요일,제주특별자치도 서귀포시 서귀동,중상사고,0,1,1,0,차대사람 - 횡단중,안전운전불이행,포장 - 건조,맑음,교차로 - 교차로부근,승용,여,57세,상해없음,보행자,여,20세,중상
588,2021110400100126,2021년 11월 4일 08시,목요일,제주특별자치도 제주시 연동,경상사고,0,0,1,0,차대사람 - 횡단중,보행자보호의무위반,포장 - 건조,맑음,교차로 - 교차로횡단보도내,승용,여,61세,상해없음,보행자,남,48세,경상
589,2021110400100373,2021년 11월 4일 16시,목요일,제주특별자치도 제주시 애월읍,경상사고,0,0,1,0,차대사람 - 기타,기타,포장 - 건조,맑음,기타 - 기타,기타불명,기타불명,미분류,기타불명,보행자,여,22세,경상
590,2021110500100526,2021년 11월 5일 18시,금요일,제주특별자치도 제주시 이도일동,중상사고,0,1,0,0,차대사람 - 기타,안전운전불이행,포장 - 건조,맑음,교차로 - 교차로안,승용,남,65세,상해없음,보행자,여,51세,중상
591,2021110600100177,2021년 11월 6일 11시,토요일,제주특별자치도 제주시 오라일동,경상사고,0,0,1,0,차대사람 - 횡단중,신호위반,포장 - 건조,맑음,교차로 - 교차로부근,화물,남,44세,상해없음,보행자,여,69세,경상
592,2021110700100014,2021년 11월 7일 00시,일요일,제주특별자치도 제주시 삼도일동,경상사고,0,0,1,0,차대사람 - 횡단중,안전운전불이행,포장 - 건조,맑음,단일로 - 기타,승용,남,62세,상해없음,보행자,남,46세,경상
593,2021110700100229,2021년 11월 7일 14시,일요일,제주특별자치도 제주시 한경면,중상사고,0,1,0,0,차대사람 - 횡단중,안전운전불이행,포장 - 건조,맑음,단일로 - 기타,화물,남,46세,상해없음,보행자,남,66세,중상
594,2021110700100275,2021년 11월 7일 15시,일요일,제주특별자치도 제주시 우도면,경상사고,0,0,1,0,차대사람 - 기타,안전운전불이행,포장 - 건조,맑음,단일로 - 기타,승합,남,50세,상해없음,보행자,남,67세,경상
595,2021110800100126,2021년 11월 8일 08시,월요일,제주특별자치도 제주시 노형동,경상사고,0,0,1,0,차대사람 - 횡단중,안전운전불이행,포장 - 젖음/습기,비,교차로 - 교차로안,승용,남,36세,상해없음,보행자,여,53세,경상
596,2021110900100106,2021년 11월 9일 08시,화요일,제주특별자치도 제주시 삼도이동,중상사고,0,1,0,0,차대사람 - 횡단중,안전운전불이행,포장 - 건조,맑음,단일로 - 기타,승용,여,42세,상해없음,보행자,여,9세,중상
597,2021110900100565,2021년 11월 9일 19시,화요일,제주특별자치도 제주시 오라일동,중상사고,0,1,0,0,차대사람 - 횡단중,안전운전불이행,포장 - 건조,맑음,교차로 - 교차로안,승합,남,64세,상해없음,보행자,남,59세,중상
598,2021111000100095,2021년 11월 10일 07시,수요일,제주특별자치도 서귀포시 중문동,중상사고,0,1,0,0,차대사람 - 기타,보행자보호의무위반,포장 - 젖음/습기,비,단일로 - 기타,화물,남,47세,상해없음,보행자,남,31세,중상
599,2021111100100326,2021년 11월 11일 14시,목요일,제주특별자치도 서귀포시 대정읍,부상신고사고,0,0,0,1,차대사람 - 기타,안전운전불이행,포장 - 건조,기타,단일로 - 기타,승용,여,44세,상해없음,보행자,남,51세,부상신고
600,2021111100100555,2021년 11월 11일 19시,목요일,제주특별자치도 제주시 아라일동,중상사고,0,1,0,0,차대사람 - 기타,안전운전불이행,포장 - 젖음/습기,비,단일로 - 기타,승용,남,58세,상해없음,보행자,남,49세,중상
601,2021111200100010,2021년 11월 12일 00시,금요일,제주특별자치도 서귀포시 서귀동,중상사고,0,1,0,1,차대사람 - 횡단중,보행자보호의무위반,포장 - 젖음/습기,비,교차로 - 교차로횡단보도내,이륜,남,47세,부상신고,보행자,남,60세,중상
602,2021111200100116,2021년 11월 12일 08시,금요일,제주특별자치도 제주시 노형동,중상사고,0,1,0,0,차대사람 - 횡단중,안전운전불이행,포장 - 건조,맑음,단일로 - 기타,승용,남,39세,상해없음,보행자,남,85세,중상
603,2021111200100679,2021년 11월 12일 23시,금요일,제주특별자치도 제주시 일도이동,경상사고,0,0,1,0,차대사람 - 횡단중,안전운전불이행,포장 - 건조,맑음,단일로 - 기타,승용,여,59세,상해없음,보행자,남,34세,경상
604,2021111200100680,2021년 11월 12일 23시,금요일,제주특별자치도 제주시 화북일동,경상사고,0,0,1,0,차대사람 - 차도통행중,안전운전불이행,포장 - 건조,맑음,교차로 - 교차로안,승용,남,22세,상해없음,보행자,여,41세,경상
605,2021111300100117,2021년 11월 13일 08시,토요일,제주특별자치도 서귀포시 표선면,중상사고,0,1,0,0,차대사람 - 차도통행중,안전운전불이행,포장 - 건조,맑음,교차로 - 교차로안,승용,남,55세,상해없음,보행자,여,73세,중상
606,2021111300100119,2021년 11월 13일 08시,토요일,제주특별자치도 제주시 노형동,경상사고,0,0,1,0,차대사람 - 기타,안전운전불이행,포장 - 건조,맑음,단일로 - 기타,승용,남,66세,상해없음,보행자,남,20세,경상
607,2021111400100121,2021년 11월 14일 10시,일요일,제주특별자치도 제주시 이호일동,부상신고사고,0,0,0,1,차대사람 - 기타,안전운전불이행,포장 - 건조,맑음,단일로 - 기타,승합,남,52세,상해없음,보행자,여,78세,부상신고
608,2021111400100122,2021년 11월 14일 10시,일요일,제주특별자치도 제주시 애월읍,경상사고,0,0,1,0,차대사람 - 기타,보행자보호의무위반,포장 - 건조,맑음,교차로 - 교차로안,화물,남,72세,상해없음,보행자,남,72세,경상
609,2021111400100334,2021년 11월 14일 17시,일요일,제주특별자치도 제주시 오라일동,중상사고,0,1,0,0,차대사람 - 횡단중,보행자보호의무위반,포장 - 건조,맑음,교차로 - 교차로횡단보도내,승용,여,50세,상해없음,보행자,여,28세,중상
610,2021111400100377,2021년 11월 14일 18시,일요일,제주특별자치도 서귀포시 동홍동,중상사고,0,1,0,0,차대사람 - 횡단중,보행자보호의무위반,포장 - 건조,기타,교차로 - 교차로횡단보도내,승용,여,67세,상해없음,보행자,남,75세,중상
611,2021111500100248,2021년 11월 15일 12시,월요일,제주특별자치도 제주시 노형동,경상사고,0,0,1,0,차대사람 - 기타,안전운전불이행,포장 - 건조,맑음,기타 - 기타,승용,남,64세,기타불명,보행자,여,68세,경상
612,2021111500100437,2021년 11월 15일 17시,월요일,제주특별자치도 서귀포시 표선면,경상사고,0,0,1,0,차대사람 - 길가장자리구역통행중,안전운전불이행,포장 - 건조,맑음,단일로 - 기타,이륜,여,85세,상해없음,보행자,여,82세,경상
613,2021111500100502,2021년 11월 15일 18시,월요일,제주특별자치도 제주시 한림읍,중상사고,0,1,0,0,차대사람 - 차도통행중,안전운전불이행,포장 - 건조,맑음,단일로 - 기타,승용,남,43세,상해없음,보행자,남,84세,중상
614,2021111600100066,2021년 11월 16일 06시,화요일,제주특별자치도 제주시 노형동,경상사고,0,0,1,0,차대사람 - 횡단중,보행자보호의무위반,포장 - 건조,맑음,교차로 - 교차로횡단보도내,승용,남,47세,상해없음,보행자,여,21세,경상
615,2021111700100116,2021년 11월 17일 08시,수요일,제주특별자치도 제주시 구좌읍,경상사고,0,0,1,0,차대사람 - 기타,안전운전불이행,포장 - 건조,기타,기타 - 기타,승용,여,71세,상해없음,보행자,남,18세,경상
616,2021111700100227,2021년 11월 17일 11시,수요일,제주특별자치도 제주시 노형동,경상사고,0,0,1,0,차대사람 - 횡단중,보행자보호의무위반,포장 - 건조,맑음,교차로 - 교차로횡단보도내,승용,남,49세,상해없음,보행자,여,54세,경상
617,2021111700100339,2021년 11월 17일 14시,수요일,제주특별자치도 제주시 일도이동,경상사고,0,0,1,0,차대사람 - 횡단중,보행자보호의무위반,포장 - 건조,맑음,단일로 - 기타,승용,여,43세,상해없음,보행자,여,9세,경상